Name,GP,MIN,PTS,FGM,FGA,FG%,3PM,3PA,3P%,FTM,FTA,FT%,eFG,REB,AST,STL,BLK,ast_tov
Zach Edey,39.0,32.0,25.2,8.6,13.8,62.3,0.0,0.1,50.0,7.9,11.2,71.1,62.31884057971014,12.2,2.0,0.3,2.2,0.8695652173913044
Tommy Bruner,34.0,33.8,24.0,7.7,17.7,43.5,2.4,6.8,35.3,6.2,7.6,80.8,50.282485875706215,2.8,4.2,1.3,0.1,1.1666666666666667
Terrence Shannon Jr.,32.0,34.0,23.0,6.8,14.4,47.5,2.4,6.7,36.2,6.9,8.6,80.1,55.55555555555556,4.0,2.3,1.0,0.9,1.15
Tyler Thomas,33.0,37.9,22.5,8.0,19.4,41.4,3.8,10.2,37.1,2.6,3.1,86.1,51.03092783505156,5.2,3.3,1.3,0.5,1.5714285714285712
Xavier Johnson,32.0,36.7,22.2,6.6,15.6,42.2,2.1,5.8,36.8,6.8,7.7,89.0,49.03846153846153,4.1,6.1,1.5,0.3,1.8484848484848484
David Jones,32.0,32.4,21.8,7.0,15.2,45.9,2.5,6.5,38.0,5.4,6.8,79.7,54.276315789473685,7.6,1.8,2.2,0.4,0.6
Tyson Acuff,27.0,37.9,21.7,8.1,18.7,43.3,1.8,6.2,29.2,3.7,4.5,81.1,48.12834224598931,3.6,2.8,1.1,0.1,1.4
Dalton Knecht,36.0,30.6,21.7,7.3,16.0,45.8,2.6,6.5,39.7,4.4,5.7,77.2,53.75,4.9,1.8,0.7,0.6,1.0588235294117647
Jordan Sears,32.0,33.6,21.6,7.1,16.4,43.2,2.4,5.5,43.2,5.1,6.0,83.9,50.609756097560975,4.6,4.5,1.3,0.2,1.40625
Tucker DeVries,34.0,35.5,21.6,7.2,16.2,44.4,2.6,7.1,36.3,4.6,5.7,81.3,52.46913580246913,6.7,3.7,1.6,0.3,1.48
Mark Sears,37.0,33.6,21.5,6.8,13.4,50.8,2.6,5.9,43.6,5.4,6.2,85.7,60.447761194029844,4.2,4.0,1.6,0.1,1.6666666666666667
Jaedon LeDee,36.0,32.6,21.4,7.3,13.1,56.0,0.6,1.3,44.4,6.3,8.6,73.4,58.01526717557252,8.4,1.3,1.2,0.5,0.5416666666666667
Jordan Johnson,32.0,35.8,21.3,6.6,17.0,38.7,2.5,7.4,34.0,5.7,6.9,82.4,46.17647058823529,3.2,3.8,1.5,0.2,1.5833333333333333
Jalen Blackmon,35.0,34.8,21.3,7.0,16.3,42.8,3.1,8.3,38.1,4.2,4.6,90.7,52.45398773006135,2.9,1.9,0.8,0.1,1.0
PJ Haggerty,31.0,33.6,21.2,6.4,13.0,49.3,0.7,2.5,28.9,7.6,10.0,76.7,51.92307692307693,5.5,3.8,1.9,0.0,1.4615384615384615
RJ Davis,37.0,34.8,21.2,7.0,16.4,42.8,3.1,7.7,39.8,4.1,4.7,87.3,52.13414634146343,3.6,3.5,1.2,0.2,2.3333333333333335
BJ Freeman,27.0,32.2,21.1,7.0,16.6,42.2,2.4,7.0,35.1,4.7,5.7,82.4,49.39759036144578,6.6,4.1,1.1,0.4,1.1388888888888888
Vonterius Woolbright,32.0,35.3,21.1,7.4,16.0,46.0,0.3,1.3,24.4,6.0,8.4,71.7,47.18750000000001,12.0,5.6,0.6,0.0,1.5999999999999999
Keion Brooks Jr.,32.0,35.1,21.1,7.1,14.6,48.7,1.6,4.3,38.0,5.2,6.5,79.4,54.10958904109589,6.8,1.4,0.7,0.8,0.7368421052631579
Riley Minix,35.0,33.8,20.9,7.8,14.4,54.1,1.7,4.8,34.9,3.7,4.4,83.9,60.06944444444444,9.7,2.2,1.3,1.0,0.9565217391304349
Landon Glasper,24.0,36.1,20.9,6.3,17.8,35.7,2.6,8.6,30.0,5.6,7.4,75.8,42.69662921348314,3.6,2.2,1.4,0.1,1.1578947368421053
Jayden Stone,26.0,35.9,20.8,7.2,17.1,42.2,2.4,7.7,31.2,4.0,5.0,79.4,49.122807017543856,5.6,2.7,1.5,0.3,1.08
Dillon Jones,31.0,37.0,20.8,6.9,14.2,48.9,1.1,3.4,32.4,5.8,6.8,85.7,52.464788732394375,9.8,5.2,2.0,0.1,1.7333333333333334
David Coit,29.0,37.0,20.8,6.9,17.0,40.7,3.2,9.6,33.7,3.7,4.2,88.5,50.0,3.2,3.4,0.9,0.2,1.4166666666666667
Elijah Pepper,33.0,33.0,20.7,6.5,15.8,41.5,3.1,8.2,37.1,4.5,4.9,92.0,50.9493670886076,4.6,2.1,1.7,0.3,1.105263157894737
Drew Pember,33.0,30.5,20.6,5.8,12.6,46.4,2.0,5.5,36.6,6.9,8.2,84.4,53.96825396825397,8.2,3.5,1.0,1.9,1.2962962962962963
Marcus Hill,34.0,36.3,20.5,7.5,16.9,44.3,0.8,2.6,28.9,4.8,6.4,74.0,46.74556213017752,5.0,2.6,1.0,0.3,1.0
Xander Rice,33.0,35.2,20.4,6.1,15.9,38.3,2.8,7.9,34.9,5.5,6.5,85.0,47.16981132075472,3.0,3.6,1.3,0.1,1.7142857142857142
Jahmir Young,32.0,35.3,20.4,6.2,15.4,40.4,1.8,5.4,32.4,6.2,6.9,90.0,46.103896103896105,4.9,4.2,1.3,0.3,1.5555555555555556
DaRon Holmes,33.0,32.4,20.4,6.6,12.1,54.4,1.0,2.5,38.6,6.2,8.8,71.3,58.67768595041321,8.5,2.6,0.9,2.1,1.1818181818181817
Antonio Reeves,33.0,31.5,20.2,7.1,13.9,51.2,2.5,5.7,44.7,3.4,4.0,86.3,60.07194244604316,4.2,1.6,0.7,0.2,1.3333333333333335
Frankie Fidler,33.0,36.0,20.1,6.0,13.3,45.2,1.6,4.4,35.6,6.5,7.7,85.4,51.127819548872175,6.3,2.6,1.2,0.4,1.625
Tyon Grant-Foster,34.0,33.4,20.1,6.2,14.0,44.6,1.5,4.4,33.1,6.2,8.3,74.5,49.642857142857146,6.1,1.6,1.7,1.5,0.64
Noah Reynolds,27.0,33.4,20.0,7.5,14.6,51.1,1.3,3.7,34.0,3.8,4.8,79.1,55.821917808219176,3.7,4.5,0.8,0.5,1.6666666666666665
Ajay Mitchell,29.0,31.5,20.0,6.7,13.3,50.4,1.1,2.9,39.3,5.4,6.3,85.8,54.51127819548872,4.0,4.0,1.2,0.4,1.5384615384615383
Marques Warrick,33.0,36.2,19.9,6.6,15.5,42.5,2.0,6.8,29.8,4.7,5.5,86.7,49.03225806451613,2.5,2.4,1.2,0.1,1.0434782608695652
Issac McBride,31.0,38.6,19.8,6.6,14.8,44.8,2.1,5.3,39.4,4.5,5.0,89.0,51.689189189189186,3.5,3.1,0.9,0.1,1.823529411764706
Trazarien White,30.0,30.4,19.8,6.7,13.7,49.3,0.8,2.0,39.0,5.5,7.7,71.6,51.82481751824818,6.8,1.6,0.8,0.4,0.64
Saint Thomas,32.0,34.8,19.7,7.0,14.8,47.2,2.0,6.2,33.0,3.7,4.3,86.8,54.05405405405405,9.8,4.2,1.7,0.9,1.4000000000000001
Devin Carter,33.0,35.3,19.7,6.6,14.0,47.3,2.5,6.8,37.7,3.9,5.2,74.9,56.07142857142857,8.7,3.6,1.8,1.0,1.3333333333333333
KJ Simpson,37.0,35.1,19.7,6.6,13.8,47.5,2.1,4.9,43.4,4.4,5.0,87.6,55.43478260869564,5.8,4.9,1.6,0.1,2.227272727272727
Chaz Lanier,32.0,33.3,19.7,6.7,13.1,51.0,3.3,7.5,44.0,3.0,3.4,88.0,63.74045801526718,4.8,1.8,0.9,0.3,1.125
Tristan Enaruna,35.0,33.2,19.6,7.2,14.5,49.8,0.8,2.5,32.2,4.4,6.1,72.1,52.41379310344828,6.5,2.7,1.2,0.9,1.4210526315789476
Sebastian Thomas,32.0,35.4,19.6,6.8,15.8,43.1,1.6,5.3,29.4,4.4,5.7,77.5,48.101265822784804,4.2,4.9,1.9,0.3,1.7500000000000002
Kobe Sanders,29.0,33.6,19.6,6.1,13.4,45.9,1.3,3.9,33.9,6.0,6.9,87.4,50.373134328358205,3.7,3.2,0.8,0.3,1.103448275862069
Trey Calvin,31.0,35.4,19.6,6.8,14.2,48.2,2.0,5.0,40.0,3.9,4.4,89.6,54.929577464788736,2.4,4.2,1.5,0.1,2.1
Jaylon Tyson,31.0,34.4,19.6,7.2,15.4,46.5,1.6,4.5,36.0,3.6,4.6,79.6,51.94805194805194,6.8,3.5,1.2,0.5,1.129032258064516
Anthony Dell'Orso,32.0,33.3,19.5,7.0,14.2,49.2,1.5,4.0,38.0,4.0,4.9,80.9,54.5774647887324,6.5,1.9,1.6,0.5,0.7916666666666666
Clarence Daniels,31.0,32.9,19.4,6.7,14.6,45.8,1.7,4.7,36.3,4.4,5.4,80.4,51.71232876712328,9.6,0.4,1.4,0.5,0.16
Quincy Olivari,34.0,32.2,19.1,5.8,13.7,42.5,3.1,7.6,40.9,4.4,5.4,81.4,53.64963503649635,5.6,2.1,1.4,0.1,1.3125
Jacob Crews,32.0,33.4,19.1,6.4,13.3,48.5,2.8,6.7,41.4,3.5,4.3,81.6,58.64661654135338,8.2,1.1,0.8,0.5,0.8461538461538461
Jason Edwards,34.0,32.6,19.1,6.3,14.8,42.5,2.5,7.1,35.0,4.1,5.0,80.7,51.01351351351351,2.4,1.4,0.8,0.1,0.6086956521739131
Wade Taylor IVTA&,36.0,32.9,19.1,5.9,16.3,36.6,2.7,8.4,32.5,4.5,5.3,84.7,44.47852760736196,3.5,4.0,1.8,0.0,1.4285714285714286
Boo Buie,34.0,36.9,19.0,6.3,14.4,43.8,2.6,6.0,43.4,3.7,4.4,85.8,52.77777777777778,3.3,5.0,1.4,0.1,2.173913043478261
Dion Brown,32.0,32.3,19.0,7.7,15.2,50.6,1.4,4.0,34.9,2.2,2.9,76.1,55.26315789473685,7.6,2.6,1.3,0.5,0.8387096774193549
Mervin James,32.0,31.7,18.9,7.0,13.4,51.9,0.7,1.4,46.7,4.3,5.1,84.8,54.850746268656714,6.1,1.9,1.0,0.9,0.6785714285714286
Mikeal Brown-Jones,28.0,28.4,18.9,6.2,11.5,54.0,0.9,2.1,43.1,5.5,7.0,78.7,57.826086956521735,7.5,1.1,0.6,0.9,0.6470588235294118
Judah Mintz,32.0,34.0,18.8,5.9,13.4,43.8,0.8,2.7,28.2,6.3,8.3,76.5,47.01492537313433,3.2,4.4,2.1,0.1,1.517241379310345
Zeke Mayo,35.0,35.9,18.8,6.2,13.4,46.6,2.6,6.7,39.1,3.7,4.5,82.8,55.970149253731336,5.7,3.5,1.1,0.2,1.129032258064516
Kino Lilly Jr.,30.0,38.0,18.8,6.6,16.6,39.5,3.0,8.8,34.1,2.7,3.3,81.6,48.795180722891565,2.4,3.6,0.8,0.2,1.3333333333333333
De'Sean Allen-Eikens,33.0,33.7,18.8,6.3,13.2,48.2,1.1,2.9,36.1,5.1,6.8,74.2,51.89393939393939,5.3,2.3,1.0,0.2,0.7187499999999999
Ken Evans Jr.,32.0,35.8,18.8,5.9,14.5,40.8,1.9,4.9,39.2,5.0,6.4,78.2,47.24137931034483,5.4,2.9,1.3,0.2,1.0
AJ McKee,33.0,31.6,18.8,6.5,14.6,44.7,1.9,5.8,32.3,3.8,5.2,73.4,51.02739726027398,4.0,2.4,1.7,0.3,1.263157894736842
Wesley Cardet Jr.,31.0,34.5,18.7,6.3,14.2,44.4,1.4,4.1,34.4,4.6,6.4,71.9,49.29577464788733,4.5,2.6,0.9,0.5,0.896551724137931
Basheer Jihad,30.0,32.6,18.6,5.9,13.0,45.1,1.3,3.8,35.4,5.6,7.4,74.9,50.384615384615394,8.0,1.8,1.1,1.1,0.5294117647058824
Enrique Freeman,35.0,32.4,18.6,6.7,11.4,58.4,0.6,1.5,37.0,4.7,6.5,72.8,61.40350877192983,12.9,1.6,0.8,1.7,0.64
Jayden Epps,29.0,34.8,18.5,6.1,15.6,39.2,2.2,7.2,30.5,4.1,5.4,76.3,46.15384615384615,2.6,4.2,1.2,0.4,1.2352941176470589
Baylor Scheierman,35.0,36.8,18.5,6.3,14.0,44.8,3.1,8.3,38.1,2.8,3.2,87.6,56.07142857142857,9.0,3.9,0.9,0.1,1.7727272727272725
Blake Hinson,33.0,33.6,18.5,6.1,13.4,45.4,3.3,7.9,42.1,2.9,4.4,66.9,57.83582089552238,4.4,0.8,0.5,0.2,0.6153846153846154
JP Pegues,30.0,34.1,18.4,5.7,13.7,42.0,2.8,7.6,36.2,4.2,4.8,87.5,51.82481751824818,4.3,4.8,1.2,0.2,2.2857142857142856
Robert McCray,32.0,30.6,18.4,6.6,13.2,50.2,1.7,4.7,35.8,3.5,4.8,71.6,56.43939393939393,4.2,2.9,1.3,0.2,1.16
Tyson Walker,34.0,32.9,18.4,7.0,15.6,44.9,1.9,5.0,37.6,2.5,3.4,74.6,50.96153846153847,2.9,2.8,1.9,0.1,2.0
Kevin McCullar Jr.,26.0,34.3,18.3,6.1,13.5,45.4,1.5,4.5,33.3,4.6,5.7,80.5,50.74074074074074,6.0,4.1,1.5,0.4,1.64
Bryce Pope,33.0,35.6,18.3,6.5,15.5,41.8,2.2,6.8,33.2,3.1,3.8,81.7,49.03225806451613,3.9,1.9,1.0,0.2,1.4615384615384615
PJ Hall,36.0,28.9,18.3,6.7,13.7,48.8,1.4,4.6,31.5,3.5,4.5,77.9,54.01459854014598,6.4,1.4,0.8,1.4,0.7368421052631579
Rayquan Brown,30.0,35.4,18.3,6.6,14.9,44.0,1.4,4.2,32.3,3.8,5.3,71.2,48.993288590604024,6.0,1.2,1.1,0.6,0.5714285714285714
James Bishop,32.0,35.4,18.3,5.7,14.7,39.0,2.2,6.0,37.2,4.6,5.6,82.7,46.25850340136055,2.8,4.3,0.6,0.4,1.4333333333333333
Johnell Davis,34.0,32.3,18.2,6.3,13.0,48.3,1.7,4.1,41.4,3.9,4.5,85.7,54.99999999999999,6.3,2.9,1.4,0.2,1.0
Sy Chatman,31.0,32.6,18.2,6.6,14.5,45.4,1.2,4.6,25.7,3.8,5.5,69.4,49.655172413793096,6.4,1.3,1.1,1.6,0.48148148148148145
Keenon Cole,30.0,34.6,18.1,5.7,14.3,40.2,1.1,4.2,26.2,5.6,6.8,81.5,43.7062937062937,6.2,0.7,0.6,0.5,0.30434782608695654
Jordan King,33.0,35.3,18.0,6.1,13.4,45.4,2.5,6.2,41.4,3.4,4.1,81.6,54.850746268656714,3.8,2.5,1.3,0.1,1.3888888888888888
Hunter Sallis,34.0,35.4,18.0,6.6,13.5,48.7,2.2,5.4,40.5,2.6,3.4,78.3,57.03703703703703,4.1,2.5,1.1,0.6,1.3157894736842106
Caleb Love,36.0,32.3,18.0,6.1,14.7,41.3,2.6,7.7,33.2,3.3,4.0,83.9,50.34013605442177,4.8,3.4,1.2,0.3,1.6190476190476188
Clark Slajchert,22.0,34.6,18.0,6.7,13.8,48.7,2.6,6.1,42.2,1.9,2.3,82.4,57.971014492753625,3.0,2.9,1.2,0.1,1.3181818181818181
Sherif Gross-Bullock,32.0,34.7,17.9,6.0,13.9,43.4,2.6,7.4,35.4,3.3,4.4,73.8,52.51798561151079,5.2,2.6,1.0,0.4,0.787878787878788
Cameron Tyson,34.0,32.1,17.9,5.9,14.3,41.2,3.4,8.7,39.4,2.7,3.1,87.6,53.14685314685315,4.2,1.4,0.7,0.0,0.8235294117647058
Matt Balanc,34.0,33.1,17.9,5.9,13.8,42.6,2.5,7.1,35.8,3.6,4.2,86.6,51.81159420289855,4.7,1.3,0.8,0.2,0.9285714285714287
Hunter Dickinson,33.0,32.2,17.9,7.6,13.8,54.8,0.7,2.0,35.4,2.1,3.3,62.4,57.6086956521739,10.9,2.3,0.9,1.4,1.2777777777777777
Kaleb Higgins,32.0,31.8,17.9,6.5,15.2,42.7,1.3,4.4,29.1,3.6,4.1,87.8,47.039473684210535,2.8,3.7,1.1,0.0,1.85
Shahada Wells,33.0,32.2,17.8,6.2,13.5,46.2,1.5,3.8,38.4,4.0,5.0,79.4,51.48148148148148,4.5,4.7,3.0,0.3,2.35
KyKy Tandy,32.0,31.5,17.8,5.9,14.2,41.9,2.6,6.8,38.9,3.3,3.8,88.4,50.70422535211267,2.6,1.4,1.1,0.1,0.6086956521739131
Darlinstone Dubar,33.0,34.6,17.8,6.8,12.5,53.9,2.2,5.5,39.9,2.1,2.8,73.4,63.2,6.8,1.4,1.2,0.9,1.0
Jarod Lucas,34.0,32.7,17.8,5.4,12.7,42.1,2.4,6.0,39.4,4.7,5.3,89.9,51.96850393700788,2.8,1.4,0.8,0.0,1.5555555555555554
Ty Johnson,32.0,30.6,17.8,5.9,13.3,44.3,1.1,3.4,32.1,4.9,6.4,77.1,48.49624060150376,3.7,3.3,1.8,0.1,1.1379310344827587
Great Osobor,35.0,33.7,17.7,6.2,10.8,57.7,0.1,0.4,21.4,5.2,8.1,63.7,57.870370370370374,9.0,2.8,1.3,1.4,1.0
Rashad Williams,29.0,30.6,17.7,5.8,14.2,40.4,3.6,8.9,40.5,2.6,3.1,82.4,53.52112676056338,1.9,3.0,0.8,0.0,1.111111111111111
Sean East,30.0,34.4,17.6,6.2,12.0,52.1,1.2,2.7,45.0,4.0,4.6,85.6,56.666666666666664,3.5,4.0,1.1,0.2,1.3333333333333333
Dakota Leffew,30.0,35.5,17.6,6.5,15.1,43.0,2.5,6.8,36.5,2.2,2.8,76.5,51.324503311258276,4.3,3.9,1.5,0.6,1.3448275862068966
Walter Clayton Jr.,36.0,31.0,17.6,5.6,13.0,43.2,2.6,7.1,36.5,3.8,4.3,87.7,53.07692307692308,3.6,2.6,1.1,0.6,1.1818181818181817
Dawson Garcia,31.0,31.9,17.6,6.0,12.4,48.6,0.9,2.9,31.9,4.6,5.7,80.2,52.016129032258064,6.7,1.6,0.8,1.0,0.8
Marcus Tsohonis,31.0,29.0,17.6,6.1,15.2,40.0,1.3,4.3,29.3,4.2,5.5,76.9,44.40789473684211,3.2,2.9,1.3,0.2,1.45
Trey Alexander,35.0,37.2,17.6,6.6,14.9,44.6,1.8,5.2,33.9,2.5,3.1,82.4,50.335570469798654,5.7,4.7,1.1,0.4,1.8800000000000001
Jordan Pope,32.0,35.6,17.6,6.3,13.9,45.1,2.1,5.6,37.1,2.9,3.3,87.9,52.877697841726615,2.6,3.4,0.7,0.1,1.4782608695652175
Alston Mason,30.0,35.2,17.5,6.0,14.2,42.3,2.4,6.8,35.3,3.1,4.0,78.3,50.70422535211267,3.0,3.6,0.8,0.1,1.5
Duke Miles,33.0,30.5,17.5,6.4,12.1,52.8,1.3,3.7,36.1,3.4,4.3,80.1,58.26446280991736,2.4,3.6,1.3,0.2,1.8
Markus Burton,33.0,33.8,17.5,6.4,15.1,42.1,1.3,4.2,30.0,3.5,4.2,82.1,46.68874172185431,3.3,4.3,1.9,0.2,1.162162162162162
Kevin Cross,30.0,36.1,17.5,5.9,11.5,51.3,0.7,1.7,42.3,4.9,6.0,81.8,54.347826086956516,7.3,4.6,1.3,0.9,1.5333333333333332
Honor Huff,33.0,34.5,17.4,5.5,12.6,43.4,3.3,8.7,38.0,3.2,3.9,82.8,56.746031746031754,2.7,2.6,1.7,0.1,2.0
Robbie Avila,37.0,31.2,17.4,6.1,11.3,53.6,1.6,4.2,39.4,3.6,4.5,80.8,61.06194690265486,6.6,4.1,0.7,0.6,2.2777777777777777
Deon PerryL-,29.0,33.1,17.3,5.7,14.9,38.4,2.7,7.8,35.1,3.2,3.5,91.1,47.31543624161074,2.6,2.9,1.5,0.0,1.0
Kobe Julien,33.0,31.5,17.3,5.9,13.2,44.6,1.6,4.9,32.5,4.0,4.8,82.4,50.75757575757576,4.8,1.2,1.1,0.7,0.5454545454545454
Erik Reynolds,35.0,34.6,17.3,5.5,13.1,42.0,3.2,8.4,38.0,3.1,3.5,87.1,54.19847328244275,2.7,2.7,1.2,0.2,1.9285714285714288
RJ Felton,33.0,34.6,17.3,6.1,14.1,43.1,2.1,6.0,35.5,3.0,3.8,77.8,50.70921985815603,6.0,1.3,1.8,0.6,0.9285714285714287
Ryan Kalkbrenner,35.0,34.6,17.3,6.9,10.7,64.6,0.5,1.5,29.6,3.0,4.3,71.1,66.82242990654207,7.6,1.3,0.4,3.1,0.8666666666666667
Trey Townsend,36.0,36.4,17.3,6.1,13.4,45.5,0.3,0.9,37.5,4.7,6.0,77.9,46.64179104477612,8.1,3.1,1.3,0.3,1.24
Kam Jones,36.0,28.9,17.2,6.5,13.0,50.1,2.6,6.5,40.6,1.5,2.1,72.4,60.0,2.9,2.4,1.1,0.1,1.7142857142857144
Michael Ajayi,33.0,34.7,17.2,6.2,13.4,46.7,1.2,2.5,47.0,3.5,5.0,70.9,50.74626865671642,9.9,1.9,0.9,0.5,0.95
Malik Mack,24.0,33.3,17.2,5.6,13.6,41.0,1.9,5.5,34.1,4.2,5.1,81.3,48.161764705882355,4.0,4.8,1.3,0.1,1.92
Ja'Kobi Gillespie,25.0,31.4,17.2,6.6,11.8,56.1,1.6,4.2,38.7,2.4,2.8,83.1,62.71186440677965,3.8,4.2,2.2,0.3,1.7500000000000002
Terrence Edwards Jr.,36.0,30.2,17.2,5.6,13.2,42.7,1.3,3.7,34.3,4.6,5.7,81.0,47.34848484848485,4.4,3.4,0.9,0.3,1.4166666666666667
Jeremiah Hernandez,31.0,31.3,17.2,4.9,11.8,41.7,0.8,2.6,31.7,6.5,8.0,81.0,44.91525423728814,3.3,1.8,1.5,0.2,0.6923076923076923
Jyare Davis,32.0,33.3,17.1,6.3,13.4,46.6,0.6,2.4,25.6,4.0,4.9,81.4,49.25373134328358,7.5,2.4,0.8,0.8,1.3333333333333333
Josh Hubbard,35.0,27.7,17.1,5.3,13.7,38.5,3.1,8.7,35.5,3.5,4.1,85.3,50.0,2.2,1.7,0.7,0.1,1.4166666666666667
Xaivian Lee,29.0,31.1,17.1,5.9,13.0,45.1,1.8,5.3,33.8,3.6,4.4,79.8,52.307692307692314,5.7,3.7,1.0,0.5,2.6428571428571432
DJ Brewton,31.0,33.0,17.0,6.5,14.5,45.3,1.0,3.1,33.0,2.9,4.3,68.2,48.275862068965516,4.8,2.4,1.5,0.2,1.1428571428571428
Norchad Omier,31.0,30.6,17.0,6.4,11.6,55.2,0.8,2.2,35.3,3.5,4.6,75.0,58.62068965517242,10.0,1.2,1.5,0.8,0.5217391304347826
Jordan Derkack,32.0,33.0,17.0,5.4,11.5,46.6,1.0,3.8,27.5,5.3,7.3,72.4,51.30434782608696,6.0,3.9,2.1,0.2,0.975
Branden Carlson,36.0,29.6,17.0,6.4,12.9,50.1,1.8,4.7,37.9,2.4,3.3,71.4,56.58914728682171,6.6,1.6,0.4,1.5,1.0666666666666667
Quinten Post,35.0,31.9,17.0,6.3,12.3,51.4,1.4,3.3,43.1,2.9,3.5,82.1,56.91056910569105,8.1,2.9,0.9,1.7,1.16
Kylen Milton,29.0,31.8,17.0,5.0,9.8,50.5,1.2,3.3,35.1,5.9,8.0,73.7,57.14285714285714,6.6,2.9,1.2,0.3,1.380952380952381
Deyton Albury,32.0,28.3,17.0,5.8,12.1,48.2,0.6,1.7,36.4,4.7,6.3,75.0,50.413223140495866,5.8,3.7,1.2,0.4,1.1212121212121213
Tyren Moore,32.0,28.0,17.0,5.8,12.5,46.8,2.3,5.6,40.6,3.0,3.5,86.5,55.599999999999994,2.8,3.1,1.1,0.1,1.6315789473684212
Austin Benigni,31.0,33.5,17.0,5.3,13.7,38.7,0.6,2.5,24.7,5.7,6.7,84.7,40.87591240875913,2.9,3.8,0.7,0.1,1.5833333333333333
Tyler Robertson,33.0,35.6,16.9,6.1,13.5,45.2,2.0,5.5,37.2,2.7,3.4,81.1,52.59259259259259,4.5,3.8,0.8,0.2,1.6521739130434783
Malik Dia,33.0,23.2,16.9,6.4,13.0,48.8,1.3,3.9,34.1,2.9,4.5,63.8,54.23076923076924,5.8,1.2,0.8,0.8,0.4444444444444444
DJ Horne,40.0,32.5,16.9,6.0,13.8,43.6,2.6,6.5,40.4,2.3,2.8,81.4,52.89855072463767,3.5,2.1,1.3,0.1,1.5000000000000002
Caleb Fields,35.0,35.3,16.9,5.8,13.2,43.6,3.2,8.3,38.8,2.1,3.0,72.1,56.06060606060607,4.1,2.7,1.4,0.1,2.076923076923077
DeMarcus Sharp,29.0,35.7,16.9,7.1,15.7,45.3,0.0,0.5,6.7,2.7,3.6,74.8,45.22292993630573,6.4,4.2,1.9,0.9,2.210526315789474
Jamarii Thomas,33.0,31.1,16.9,4.7,11.6,40.4,1.6,4.2,38.0,5.9,7.3,80.9,47.41379310344828,3.8,3.8,2.1,0.1,1.5833333333333333
Sam Griffin,32.0,34.4,16.9,5.6,13.0,43.1,2.4,6.1,39.2,3.3,4.0,83.5,52.307692307692314,3.7,3.4,0.7,0.0,1.4166666666666667
Isaiah Stafford,29.0,32.1,16.9,6.1,16.0,37.9,2.0,6.7,29.4,2.8,3.8,73.4,44.375,3.7,2.1,1.6,0.2,1.4000000000000001
Terrell Burden,31.0,31.2,16.8,5.6,12.8,44.2,1.1,3.6,31.0,4.4,6.9,64.3,48.04687499999999,3.5,6.3,1.4,0.4,2.25
Aanen Moody,36.0,33.4,16.8,6.3,12.9,49.2,2.4,6.2,39.0,1.8,2.0,87.5,58.139534883720934,3.4,2.3,0.9,0.1,1.352941176470588
AJ Storr,36.0,28.8,16.8,6.0,13.8,43.4,1.3,4.2,32.0,3.5,4.3,81.2,48.188405797101446,3.9,0.9,0.6,0.1,0.5625
Max Abmas,34.0,35.0,16.8,5.7,13.4,42.5,2.7,7.5,36.2,2.6,2.9,90.0,52.61194029850746,3.1,4.1,0.9,0.1,1.7826086956521738
B.J. Omot,32.0,35.2,16.7,6.0,14.4,41.6,1.7,5.9,28.2,3.1,4.4,70.0,47.56944444444444,4.2,1.4,0.8,0.9,1.0769230769230769
Travis Evee,32.0,33.7,16.7,5.8,13.7,41.9,2.3,6.8,34.3,2.9,3.5,82.9,50.72992700729927,3.4,2.1,1.0,0.3,1.1666666666666667
Amar'e Marshall,32.0,32.2,16.7,6.0,13.8,43.4,1.5,4.0,37.2,3.2,4.2,76.1,48.91304347826087,5.0,2.1,1.8,0.6,0.7500000000000001
Tyson Degenhart,32.0,33.1,16.7,5.6,11.1,50.3,0.9,3.0,31.6,4.6,5.8,79.1,54.5045045045045,6.2,1.5,1.1,0.3,1.5
Eric Dixon,34.0,30.5,16.6,5.7,12.2,46.5,1.6,4.7,34.6,3.7,4.3,86.2,53.278688524590166,6.5,1.7,0.8,0.4,0.9444444444444444
Desmond Claude,34.0,33.6,16.6,6.0,14.1,42.6,0.8,3.3,23.9,3.9,4.9,79.4,45.39007092198582,4.2,3.2,1.1,0.3,1.4545454545454546
Trent McLaughlin,33.0,34.9,16.6,5.6,14.0,39.8,2.2,6.8,32.9,3.2,4.2,77.0,47.857142857142854,3.2,1.9,1.5,0.2,0.9047619047619047
Marcus Tankersley,32.0,36.0,16.6,6.2,13.2,46.7,0.6,2.1,27.9,3.7,4.6,80.4,49.24242424242424,3.8,2.2,0.8,0.1,1.0476190476190477
Caden Pierce,29.0,32.9,16.6,6.1,11.2,54.6,0.9,2.7,34.2,3.4,4.4,76.7,58.48214285714286,9.2,3.2,1.2,0.5,1.777777777777778
Keyshawn Hall,29.0,30.6,16.6,5.6,11.9,47.4,1.4,4.0,35.7,3.9,4.7,84.4,52.94117647058824,8.1,1.4,0.4,0.3,0.6086956521739131
Jermaine Couisnard,36.0,32.3,16.6,5.5,13.8,40.0,2.0,5.9,34.6,3.5,4.6,75.4,47.10144927536232,4.6,3.3,1.6,0.2,1.9411764705882353
Tyler Stephenson-Moore,33.0,34.9,16.6,5.4,12.0,44.6,2.6,6.1,43.5,3.2,3.8,84.8,55.833333333333336,3.8,1.2,1.1,0.7,1.0909090909090908
Bryce Harris,35.0,31.7,16.6,5.8,10.7,54.7,0.8,2.1,37.5,4.1,5.6,74.0,57.94392523364487,7.5,1.7,1.1,1.1,1.0
Elijah Elliott,30.0,35.3,16.6,5.7,15.7,36.3,1.1,4.9,23.1,4.0,5.6,71.6,39.80891719745223,3.5,3.0,1.6,0.3,1.0714285714285714
Ryan Conwell,38.0,33.9,16.6,5.4,11.1,48.2,2.9,7.1,40.7,2.9,3.4,85.5,61.711711711711715,5.8,2.5,1.1,0.3,1.4705882352941178
Chisom Okpara,26.0,30.5,16.5,5.7,11.8,47.9,1.0,3.1,33.8,4.2,6.2,67.3,52.542372881355924,5.0,2.0,0.8,0.7,0.8333333333333334
Boogie Ellis,29.0,33.7,16.5,5.6,13.1,42.7,3.0,7.2,41.8,2.3,3.2,72.0,54.19847328244275,3.5,3.0,1.4,0.1,1.6666666666666665
Johni Broome,35.0,24.7,16.5,6.2,11.4,54.8,0.8,2.3,35.4,3.2,5.2,61.5,57.89473684210527,8.5,2.2,0.9,2.2,1.375
Graham Ike,35.0,24.2,16.5,6.6,10.9,60.9,0.2,0.5,36.8,3.0,3.8,78.4,61.467889908256865,7.4,0.9,0.6,0.7,0.5625
Tyrece RadfordTA&,31.0,32.8,16.5,6.0,14.7,41.1,1.1,4.0,28.0,3.3,4.7,69.2,44.5578231292517,6.5,2.6,0.5,0.1,1.8571428571428574
Dae Dae Grant,34.0,32.8,16.4,4.9,12.6,38.6,2.4,7.3,33.5,4.3,4.6,94.2,48.41269841269842,3.4,2.4,1.0,0.1,1.846153846153846
Sean Pedulla,32.0,32.2,16.4,5.4,12.7,42.4,1.7,5.1,32.5,4.0,5.0,80.1,49.21259842519685,4.3,4.6,1.2,0.1,1.3939393939393938
Kyle Filipowski,36.0,30.4,16.4,6.1,12.1,50.5,1.1,3.1,34.8,3.1,4.6,67.1,54.958677685950406,8.3,2.8,1.1,1.5,1.3333333333333333
Ansley Almonor,32.0,32.0,16.4,5.6,12.8,43.6,2.9,7.4,39.4,2.4,3.0,80.0,55.078125,5.1,1.7,0.5,0.7,1.0625
Kalen Williams,33.0,31.6,16.4,5.8,13.2,44.4,1.4,4.6,31.1,3.2,4.3,75.9,49.24242424242424,3.5,2.9,1.1,0.1,1.45
Colby Rogers,34.0,35.0,16.4,5.6,14.0,40.0,2.9,7.1,40.9,2.3,2.7,82.8,50.357142857142854,3.4,1.9,1.0,0.3,1.1874999999999998
Payton Sandfort,34.0,30.5,16.4,5.3,11.9,44.6,2.8,7.3,37.9,3.0,3.3,91.1,56.30252100840335,6.6,2.7,0.7,0.4,2.076923076923077
Isaiah Crawford,32.0,32.8,16.3,5.7,11.7,48.5,1.3,3.1,41.4,3.7,5.1,72.8,54.27350427350428,6.2,2.4,2.1,1.7,0.96
Matt Rogers,31.0,28.2,16.3,6.1,12.2,50.1,1.6,4.3,36.8,2.5,3.5,73.1,56.557377049180324,6.2,1.6,0.8,0.5,0.8
Tanner Holden,32.0,33.2,16.3,6.1,11.0,55.3,0.4,1.1,40.0,3.8,5.4,69.8,57.27272727272727,6.4,3.6,1.8,0.4,1.44
Isaiah Collier,27.0,29.8,16.3,5.7,11.6,49.0,1.0,3.0,33.8,3.9,5.8,67.3,53.448275862068975,2.9,4.3,1.5,0.2,1.303030303030303
Dug McDaniel,26.0,35.4,16.3,5.8,14.2,41.0,2.2,5.8,36.8,2.5,3.2,77.4,48.591549295774655,3.7,4.7,1.1,0.0,1.9583333333333335
AJ Smith,29.0,32.1,16.2,6.0,13.3,45.3,1.2,3.4,35.4,3.0,3.7,79.6,49.62406015037594,4.3,1.3,0.7,0.0,0.7222222222222222
Tramon Mark,31.0,32.5,16.2,5.4,11.3,48.0,1.2,3.2,36.4,4.2,5.3,80.4,53.09734513274336,4.3,1.8,1.2,0.8,1.0588235294117647
Cade Tyson,31.0,31.7,16.2,5.7,11.5,49.3,2.6,5.5,46.5,2.3,2.7,85.5,60.86956521739131,5.9,1.6,0.9,0.6,1.142857142857143
Kezza Giffa,36.0,29.7,16.2,4.1,10.0,40.7,1.4,4.1,34.0,6.7,7.6,88.3,48.0,2.9,2.9,0.6,0.1,1.1153846153846154
Matthew Murrell,32.0,33.0,16.2,5.6,12.0,46.4,2.4,6.1,39.8,2.7,3.6,73.9,56.666666666666664,3.6,2.4,1.6,0.3,1.411764705882353
Jalen Leach,32.0,32.8,16.2,5.7,11.6,48.8,1.4,4.1,35.4,3.5,3.9,89.5,55.172413793103445,4.1,3.0,1.8,0.1,1.7647058823529411
Robert Ford,35.0,33.9,16.2,5.3,10.9,48.7,2.4,5.5,44.0,3.2,4.1,78.5,59.63302752293578,7.6,3.0,2.9,0.2,1.3043478260869565
Achor Achor,33.0,22.7,16.1,5.8,9.9,58.6,0.8,1.9,43.5,3.7,5.2,71.2,62.62626262626263,6.1,1.5,0.8,1.8,0.7894736842105263
Dusan Neskovic,23.0,26.1,16.0,5.6,12.9,43.2,2.1,5.9,36.3,2.8,3.7,75.3,51.55038759689921,4.0,1.1,0.6,0.1,0.47826086956521746
Diante Smith,31.0,33.8,16.0,5.5,12.9,42.1,2.5,6.4,39.4,2.6,3.3,78.4,52.32558139534883,6.2,3.0,1.9,0.4,1.25
Isaiah Stevens,36.0,34.8,16.0,5.8,12.3,47.4,1.8,4.2,44.0,2.6,3.1,83.6,54.47154471544715,3.2,6.8,1.2,0.2,2.8333333333333335
Tristan da Silva,34.0,34.0,16.0,5.8,11.8,49.3,1.9,4.8,39.5,2.5,3.0,83.5,57.20338983050846,5.1,2.4,1.1,0.6,1.3333333333333333
Jack Forrest,33.0,36.1,16.0,5.5,13.4,40.8,2.6,7.0,37.1,2.5,3.1,80.2,50.74626865671642,5.2,1.5,1.1,0.3,0.8823529411764706
Austin Crowley,31.0,34.2,16.0,5.2,13.5,38.3,1.8,5.4,33.5,3.8,5.0,75.5,45.18518518518519,4.4,3.3,1.2,0.5,1.375
Tiger Booker,28.0,33.1,16.0,5.5,12.8,42.7,0.9,3.0,29.4,4.1,4.8,85.9,46.484375,2.7,3.4,2.1,0.0,2.428571428571429
Hysier Miller,36.0,36.4,15.9,5.4,15.3,35.3,2.1,7.3,29.4,3.0,4.0,76.2,42.15686274509804,3.6,4.0,1.8,0.2,1.9047619047619047
Josh Oduro,34.0,30.2,15.9,5.9,11.3,52.7,0.5,1.6,29.1,3.6,4.4,81.9,54.424778761061944,7.5,2.0,0.9,1.3,0.9523809523809523
Martaz Robinson,34.0,34.6,15.9,5.3,12.7,41.8,0.9,2.8,31.9,4.4,5.2,84.7,45.275590551181104,6.5,2.2,2.0,0.1,0.8461538461538461
Jaelen House,31.0,29.4,15.9,5.1,13.7,37.4,1.9,5.9,32.8,3.7,4.2,88.5,44.16058394160584,3.5,3.5,2.3,0.2,1.9444444444444444
Josh Cohen,31.0,28.9,15.9,5.4,9.9,54.4,0.4,1.0,34.4,4.8,6.9,69.6,56.56565656565656,6.8,1.7,0.9,0.5,1.1333333333333333
Dominique Ford,31.0,32.7,15.9,5.0,11.4,43.5,1.9,5.4,34.9,4.1,5.3,78.5,52.19298245614035,4.0,2.1,1.4,0.2,1.05
Kel'el Ware,30.0,32.1,15.9,6.3,10.7,58.6,0.6,1.3,42.5,2.8,4.5,63.4,61.6822429906542,9.9,1.5,0.6,1.9,0.9375
Corey Washington,26.0,28.5,15.9,5.3,11.6,45.5,0.9,3.0,30.8,4.5,5.8,77.3,49.56896551724138,6.3,0.5,1.2,0.8,0.45454545454545453
Chaunce Jenkins,31.0,32.0,15.9,5.3,13.2,40.2,1.5,4.7,32.4,3.8,5.3,72.4,45.833333333333336,3.8,2.7,0.9,0.9,1.0384615384615385
Jaylin Sellers,33.0,32.0,15.9,5.2,12.5,41.9,1.6,5.3,29.7,3.8,4.6,82.9,48.0,3.6,1.1,1.1,0.1,0.8461538461538461
Marcus Domask,38.0,34.6,15.9,5.7,12.6,45.3,1.1,3.6,29.7,3.4,3.9,87.2,49.60317460317461,5.0,3.9,0.4,0.3,1.6956521739130437
Isaiah Swope,37.0,33.5,15.9,5.5,12.8,43.3,3.1,8.4,36.2,1.7,2.4,73.6,55.078125,3.0,2.1,1.3,0.0,1.1666666666666667
TJ Madlock,32.0,31.3,15.8,5.0,13.3,37.6,0.6,2.8,20.5,5.3,6.7,78.6,39.849624060150376,4.9,2.3,1.7,0.4,1.9166666666666665
Jeremiah Kendall,29.0,24.6,15.8,6.1,11.7,52.1,0.0,0.2,0.0,3.6,4.8,75.5,52.13675213675214,6.7,1.2,0.8,0.6,0.7499999999999999
Gibson Jimerson,33.0,35.8,15.8,4.9,12.2,39.9,2.4,6.7,35.9,3.7,4.2,86.4,50.000000000000014,2.9,2.1,0.7,0.2,1.1666666666666667
Jalin Anderson,31.0,36.3,15.8,5.5,12.5,44.1,1.6,4.5,35.7,3.2,4.2,76.0,50.4,4.6,4.5,1.5,0.2,1.6071428571428572
Emanuel Miller,34.0,32.6,15.8,5.6,11.4,48.6,0.9,2.4,38.3,3.8,4.6,81.5,53.07017543859649,6.1,2.6,1.1,0.4,1.7333333333333334
Pop Isaacs,34.0,32.7,15.8,4.9,14.1,34.9,2.1,7.3,29.3,3.7,4.5,83.6,42.198581560283685,3.2,3.5,1.0,0.1,1.4
KK Robinson,28.0,33.4,15.8,5.0,12.1,41.7,1.5,4.6,32.3,4.2,5.0,83.6,47.5206611570248,5.6,4.3,1.2,0.7,1.4827586206896552
Kadary Richmond,35.0,32.8,15.7,5.8,13.1,44.1,0.5,1.8,27.0,3.7,4.6,80.7,46.18320610687023,7.0,5.1,2.2,0.6,1.6451612903225805
Jalen Jackson,36.0,30.3,15.7,5.4,10.9,49.7,1.1,2.8,41.0,3.7,5.2,71.1,54.58715596330275,4.6,2.5,1.6,0.4,1.3157894736842106
Myron Amey Jr.,32.0,32.9,15.7,5.6,13.1,42.5,2.2,6.1,36.2,2.4,3.0,79.2,51.14503816793893,5.1,3.1,1.6,0.3,1.6315789473684212
Bruce Thornton,35.0,33.7,15.7,5.2,12.1,42.7,1.7,5.0,33.3,3.7,4.4,85.0,50.0,3.7,4.8,1.2,0.0,4.0
Vladislav Goldin,34.0,25.0,15.7,6.0,8.9,67.3,0.0,0.0,0.0,3.7,5.6,66.3,67.41573033707866,6.9,0.7,0.5,1.6,0.43749999999999994
Jakorie Smith,35.0,30.2,15.7,5.5,13.7,40.4,1.9,5.8,32.4,2.7,3.2,84.1,47.080291970802925,4.6,2.0,1.7,0.4,1.4285714285714286
Jacob Meyer,31.0,34.0,15.7,5.8,13.0,44.9,1.5,3.8,40.2,2.5,3.7,67.0,50.38461538461539,5.1,2.6,1.0,0.1,1.0
Rytis Petraitis,24.0,32.8,15.7,5.3,10.9,48.5,0.9,2.6,34.9,4.2,6.3,65.8,52.752293577981646,6.3,3.7,1.6,0.9,1.48
Ebby Asamoah,34.0,30.6,15.6,5.1,12.8,40.3,3.0,8.3,36.3,2.4,3.0,77.7,51.562499999999986,3.9,0.8,0.7,0.6,0.5
Dante Maddox Jr.,32.0,33.1,15.6,5.0,11.5,43.8,2.3,5.6,40.2,3.3,3.8,86.2,53.47826086956522,4.3,2.8,1.4,0.1,1.7499999999999998
Corey Tripp,32.0,30.5,15.6,6.0,14.0,42.9,1.6,5.8,27.7,2.0,2.6,79.3,48.57142857142857,4.5,3.4,0.7,0.2,1.6190476190476188
Darren Buchanan Jr.,29.0,30.8,15.6,5.5,10.1,54.6,0.3,1.1,32.3,4.2,6.7,63.4,55.940594059405946,6.6,2.4,1.3,0.4,1.0909090909090908
Jordan Lathon,31.0,30.8,15.6,5.7,13.1,43.7,2.1,5.5,38.4,2.0,2.6,75.6,51.526717557251914,6.0,2.4,1.0,0.3,1.263157894736842
Kaleb Stewart,28.0,29.3,15.6,5.5,12.1,45.4,2.4,5.5,42.6,2.3,2.7,82.9,55.371900826446286,1.8,1.6,0.2,0.0,1.0
Jay Alvarez,25.0,30.6,15.6,5.9,13.4,43.8,0.3,1.9,14.6,3.6,6.0,59.3,45.149253731343286,4.5,1.8,0.9,0.3,0.5806451612903226
Simeon Cottle,31.0,29.7,15.6,5.4,12.8,42.0,2.5,7.2,34.1,2.4,3.2,73.7,51.953125,3.2,2.5,1.4,0.1,1.3888888888888888
Jamir Watkins,33.0,28.2,15.6,4.8,10.5,45.7,1.0,2.9,34.4,4.9,6.2,79.5,50.476190476190474,6.0,2.8,1.9,0.8,1.1199999999999999
Kevin Miller,35.0,32.0,15.6,5.4,11.6,46.4,1.1,2.9,36.9,3.7,4.4,84.5,51.293103448275865,2.8,3.5,1.4,0.0,1.4
Isaiah Cozart,30.0,31.5,15.6,6.3,9.7,65.2,0.0,0.0,0.0,3.0,5.4,54.6,64.94845360824742,10.0,0.6,0.6,3.9,0.39999999999999997
Jalyn McCreary,30.0,22.9,15.6,6.3,12.1,51.9,0.0,0.2,14.3,2.9,4.3,67.7,52.066115702479344,4.6,1.1,1.0,1.0,0.8461538461538461
Ali Abdou Dibba,31.0,31.8,15.5,5.6,11.8,47.7,0.5,1.6,34.7,3.7,5.1,72.8,49.57627118644067,4.5,1.2,1.4,0.2,0.5217391304347826
Ali Ali,27.0,33.1,15.5,5.1,10.6,48.4,1.1,3.9,29.2,4.1,5.3,76.4,53.30188679245283,4.0,2.8,0.4,0.2,1.3333333333333333
Zyon Pullin,33.0,33.5,15.5,4.8,10.8,44.4,1.1,2.4,44.9,4.9,5.8,84.7,49.53703703703703,3.9,4.9,0.9,0.1,3.769230769230769
Luke Sutherland,32.0,27.3,15.5,5.8,11.9,48.9,2.0,5.1,39.6,1.8,2.2,85.5,57.14285714285714,4.4,1.8,0.4,0.8,1.125
Ra'Heim Moss,32.0,31.9,15.5,5.3,11.5,46.2,0.9,2.8,30.8,4.0,5.3,75.3,50.0,5.4,3.0,1.7,0.3,1.2
L.J. Cryer,37.0,32.1,15.5,5.4,13.2,41.1,3.0,7.8,38.8,1.6,1.9,87.1,52.27272727272728,2.4,1.9,1.1,0.1,2.111111111111111
Damarco Minor,33.0,33.6,15.5,5.3,13.4,39.7,1.2,3.8,31.5,3.6,4.2,86.2,44.02985074626865,8.5,3.1,1.1,0.2,1.6315789473684212
Maxime Raynaud,32.0,29.1,15.5,6.3,11.1,56.7,0.7,1.9,36.1,2.2,2.8,78.4,59.909909909909906,9.6,2.0,0.7,0.8,0.8
Deuce Turner,31.0,25.6,15.5,4.9,12.2,40.6,2.1,5.5,37.4,3.5,4.1,85.8,48.770491803278695,2.4,1.9,0.9,0.1,0.9047619047619047
Cedric Coward,32.0,30.5,15.4,5.7,10.1,56.5,1.6,4.2,38.3,2.4,2.7,89.5,64.35643564356435,6.7,1.7,1.0,0.9,0.7727272727272726
Dionte Bostick,34.0,33.7,15.4,5.8,12.9,44.5,1.4,4.2,34.3,2.4,3.5,69.2,50.3875968992248,4.0,1.7,1.4,0.2,0.8095238095238094
Jalen Sullinger,34.0,34.3,15.4,5.4,12.7,42.4,2.4,6.2,39.2,2.2,2.6,85.2,51.96850393700788,2.6,2.4,1.0,0.1,1.1428571428571428
Jakobi Heady,34.0,32.9,15.4,5.8,12.1,47.9,1.2,3.6,32.3,2.6,3.5,75.6,52.892561983471076,4.4,1.3,1.4,0.3,0.7647058823529412
Tre Dinkins,32.0,35.1,15.4,5.3,13.0,41.0,2.7,7.3,36.5,2.1,2.6,78.6,51.15384615384616,2.7,3.6,1.0,0.3,1.5
Allan Jeanne-Rose,30.0,29.9,15.4,5.5,10.0,54.8,0.7,1.8,38.2,3.7,5.2,71.6,58.5,4.8,1.7,0.6,0.7,1.0625
Isaiah Rivera,33.0,33.3,15.4,5.3,11.6,46.0,2.1,5.0,41.6,2.6,3.4,77.0,54.741379310344826,4.2,1.8,0.9,0.4,1.0
Malik Reneau,33.0,28.7,15.4,6.0,10.8,55.8,0.5,1.4,33.3,2.9,4.3,68.3,57.870370370370374,6.0,2.7,0.5,0.6,0.9642857142857144
Keyshaun Langley,31.0,30.4,15.4,5.3,12.4,42.7,2.6,6.2,42.5,2.2,2.5,85.9,53.2258064516129,2.7,3.3,1.5,0.1,2.1999999999999997
Leland Walker,31.0,28.3,15.4,5.3,12.3,43.3,1.2,3.6,34.2,3.5,4.2,83.2,47.96747967479674,2.7,4.1,1.1,0.2,1.64
Ahmad Robinson,31.0,29.4,15.4,5.1,12.5,40.9,1.1,3.6,31.3,4.1,5.7,71.6,45.199999999999996,4.6,4.7,1.5,0.1,1.4242424242424243
Nick Caldwell,32.0,29.5,15.4,5.5,10.4,52.9,1.3,3.0,42.3,3.1,3.8,81.1,59.13461538461539,5.5,1.2,0.9,0.9,0.631578947368421
Jahsean Corbett,32.0,35.4,15.4,5.7,12.3,45.9,0.8,2.7,28.7,3.3,4.7,69.5,49.59349593495935,7.7,1.6,0.9,0.1,0.8
Jamison Battle,35.0,31.3,15.3,5.1,10.9,46.9,2.6,6.0,43.3,2.5,2.7,92.6,58.71559633027522,5.2,1.4,0.4,0.2,0.8749999999999999
Tyler Kolek,31.0,33.0,15.3,5.6,11.3,49.6,1.5,3.9,38.8,2.6,3.0,85.1,56.19469026548673,4.9,7.7,1.6,0.2,2.6551724137931036
Fred Cleveland Jr.,29.0,33.0,15.3,5.0,12.7,39.8,2.4,6.7,36.6,2.8,3.6,77.9,48.818897637795274,3.9,5.3,1.6,0.0,1.9629629629629628
Chris Youngblood,33.0,30.0,15.3,4.8,10.6,45.8,2.1,5.0,41.6,3.5,4.2,82.9,55.18867924528301,2.5,2.1,0.6,0.6,1.5000000000000002
Isaac Jones,35.0,31.8,15.3,5.7,9.9,57.5,0.0,0.4,7.1,3.9,5.5,71.2,57.57575757575758,7.6,1.5,0.5,1.1,0.7894736842105263
Kaiyem Cleary,30.0,28.3,15.3,5.3,11.9,44.5,1.7,4.9,34.9,3.0,3.6,83.2,51.68067226890756,6.5,1.2,1.0,0.7,0.5714285714285714
Tylor Perry,34.0,36.4,15.3,3.9,10.9,35.8,2.7,8.2,33.5,4.7,5.2,90.9,48.1651376146789,3.0,4.4,1.1,0.1,1.6296296296296298
Matt Cross,28.0,30.1,15.3,5.3,9.9,54.0,0.9,2.8,32.9,3.7,4.6,79.8,58.080808080808076,8.3,3.0,1.5,0.3,1.25
Max Jones,24.0,27.5,15.3,4.3,11.2,38.3,1.8,4.5,38.5,4.9,6.3,78.7,46.42857142857144,3.0,1.9,1.7,0.2,0.6551724137931034
Touko Tainamo,34.0,29.5,15.2,5.4,11.5,46.7,1.0,3.0,34.3,3.5,4.8,72.8,51.30434782608696,7.7,0.6,0.4,0.6,0.5
Rob Dillingham,32.0,23.3,15.2,5.4,11.3,47.5,2.0,4.5,44.4,2.4,3.1,79.6,56.63716814159292,2.9,3.9,1.0,0.1,1.95
Daniel Batcho,28.0,29.7,15.2,5.8,9.8,59.0,0.0,0.1,0.0,3.7,5.5,66.9,59.183673469387756,9.8,0.4,0.5,2.4,0.2
Tyler Whitney-Sidney,32.0,28.8,15.2,5.3,11.1,47.5,1.2,3.7,31.9,3.5,4.8,72.1,53.153153153153156,3.5,2.0,1.0,0.0,0.9523809523809523
Darius Johnson,33.0,32.7,15.2,4.8,11.8,40.7,2.2,5.5,39.4,3.4,4.2,81.0,50.0,3.3,3.7,2.2,0.1,1.3214285714285716
Will Pruitt,29.0,31.9,15.1,5.2,10.2,50.5,1.2,2.9,43.4,3.6,4.4,79.8,56.86274509803921,6.0,3.1,1.1,0.1,1.9375
Javon Small,31.0,33.0,15.1,4.8,10.9,44.1,2.0,5.3,37.4,3.5,4.1,86.6,53.21100917431192,4.7,4.1,1.0,0.3,1.3225806451612903
Keisei Tominaga,32.0,26.0,15.1,5.3,11.3,46.6,2.4,6.3,37.6,2.2,2.5,87.5,57.52212389380531,2.3,1.4,0.9,0.0,1.1666666666666667
Jordan Wright,33.0,31.8,15.1,4.5,11.6,38.5,1.6,4.7,33.5,4.6,5.6,82.1,45.689655172413794,5.2,2.5,1.7,0.3,1.1363636363636362
Don McHenry,34.0,27.8,15.1,5.7,12.4,46.1,1.4,3.8,36.2,2.3,2.7,85.9,51.61290322580645,3.4,2.4,0.9,0.1,1.2
Joseph Girard,36.0,32.9,15.1,4.5,10.5,43.0,2.9,7.1,41.3,3.2,3.4,93.5,56.666666666666664,3.2,2.9,0.6,0.1,1.9333333333333333
Marcus Greene,28.0,32.5,15.1,5.3,11.7,45.1,2.2,5.1,42.7,2.4,3.0,78.6,54.700854700854705,3.6,3.0,1.0,0.2,1.25
Kenan Blackshear,32.0,30.6,15.1,5.6,11.2,49.9,0.2,0.9,17.9,3.8,5.8,64.9,50.89285714285714,4.8,5.0,1.4,0.5,1.7857142857142858
Marcus Banks Jr.,32.0,29.0,15.1,5.2,13.2,39.0,2.7,7.5,35.4,2.1,2.7,78.2,49.621212121212125,3.9,1.9,0.7,0.2,1.5833333333333333
Tristen Newton,40.0,33.2,15.1,4.6,11.0,41.5,1.8,5.5,32.1,4.2,5.2,80.8,50.0,6.6,6.2,0.9,0.3,2.48
Joe French,31.0,32.7,15.1,4.8,12.6,38.5,3.5,8.7,40.5,1.9,2.3,82.9,51.98412698412699,3.3,1.1,0.9,0.1,0.7333333333333334
Christyon Eugene,32.0,30.6,15.1,4.9,10.4,47.0,2.0,4.8,42.8,3.2,3.8,85.1,56.730769230769226,4.4,3.2,1.2,0.2,1.3913043478260871
Jamar Brown,32.0,35.1,15.0,5.4,11.8,45.4,1.8,5.4,33.3,2.5,2.9,84.9,53.38983050847458,6.1,1.4,1.0,0.3,0.7777777777777777
Tae Hardy,34.0,32.9,15.0,5.2,12.6,41.4,2.0,5.4,37.4,2.6,3.6,71.0,49.20634920634921,2.9,2.5,1.7,0.2,1.3157894736842106
Jimmy Clark,37.0,31.0,15.0,5.2,12.6,41.5,1.8,5.5,33.2,2.8,3.9,71.3,48.41269841269842,3.3,3.8,2.4,0.3,1.3571428571428572
Al-Amir Dawes,37.0,35.1,15.0,5.1,12.1,41.9,2.5,6.3,38.9,2.4,2.5,93.5,52.47933884297521,2.8,2.3,1.2,0.1,1.2105263157894737
Dre Davis,37.0,33.1,15.0,5.6,11.4,49.2,0.9,2.7,35.0,2.8,3.4,84.0,53.07017543859649,5.9,1.6,0.9,1.3,1.0666666666666667
Kevon Voyles,33.0,29.2,15.0,5.8,13.8,41.9,1.8,5.5,33.7,1.5,2.1,72.9,48.55072463768116,3.6,2.0,1.8,0.1,1.1764705882352942
Khalil Brantley,33.0,35.9,15.0,5.2,13.5,38.7,1.4,4.4,32.6,3.1,4.1,76.3,43.7037037037037,5.3,4.2,1.5,0.4,1.909090909090909
Daniss Jenkins,33.0,30.7,14.9,5.8,12.9,44.6,1.7,4.8,35.4,1.7,2.0,85.1,51.55038759689921,3.5,5.4,1.6,0.5,2.2500000000000004
Melvin Council Jr.,33.0,35.8,14.9,5.6,14.5,38.6,0.9,3.5,26.5,2.8,3.7,74.8,41.724137931034484,5.7,3.5,1.4,0.6,1.842105263157895
Rasheed Bello,36.0,32.5,14.9,5.5,12.1,45.5,1.4,3.9,34.8,2.6,3.3,77.3,51.23966942148761,2.9,4.3,1.9,0.3,1.6538461538461537
Tymu Chenery,27.0,31.1,14.9,5.5,10.7,51.0,1.2,4.0,30.3,2.7,3.8,70.9,57.009345794392516,5.0,1.5,0.5,1.5,0.625
Jevin Muniz,34.0,36.1,14.9,5.2,11.9,43.6,1.4,4.1,34.8,3.0,4.0,76.3,49.57983193277311,3.7,3.0,1.4,0.1,1.5
Dejour Reaves,30.0,29.2,14.9,5.5,11.8,46.7,1.5,4.0,38.0,2.3,2.8,82.4,52.966101694915245,3.5,1.4,1.3,0.1,0.9333333333333332
Kimani Hamilton,36.0,31.4,14.9,5.0,10.6,46.9,0.9,3.1,28.2,4.1,5.1,79.8,51.41509433962265,7.2,2.3,1.2,0.7,1.4374999999999998
PJ Henry,28.0,28.7,14.9,5.5,13.9,39.9,2.4,6.9,34.9,1.4,2.0,68.4,48.201438848920866,2.8,2.4,1.9,0.1,1.1428571428571428
Zhuric Phelps,33.0,29.3,14.8,5.2,13.3,38.6,0.9,4.2,21.6,3.6,4.9,74.1,42.4812030075188,4.1,2.7,1.9,0.5,1.2857142857142858
Myles Rice,35.0,33.2,14.8,5.4,12.4,43.9,1.0,3.7,27.5,2.9,3.6,81.1,47.58064516129033,3.1,3.8,1.6,0.2,1.4615384615384615
RJ Johnson,28.0,33.5,14.8,4.4,11.1,39.4,1.4,3.5,38.4,4.7,5.3,88.5,45.94594594594595,2.0,3.1,0.7,0.1,1.4761904761904763
Kyrese Mullen,27.0,29.1,14.8,5.6,12.3,45.8,1.2,4.1,29.7,2.3,4.1,57.3,50.40650406504065,8.4,1.5,0.7,0.1,0.5769230769230769
DaQuan Smith,32.0,32.1,14.8,5.3,13.1,40.3,2.0,5.8,35.1,2.2,2.6,85.5,48.091603053435115,2.8,2.0,1.0,0.3,1.4285714285714286
Roger McFarlane,32.0,35.2,14.8,5.2,12.4,41.7,1.8,5.3,34.1,2.6,3.4,76.4,49.193548387096776,8.6,1.5,0.9,0.1,0.8823529411764706
Wynston Tabbs,24.0,26.1,14.8,5.0,12.7,39.5,1.8,5.4,34.1,3.0,3.3,88.7,46.45669291338584,3.1,1.9,1.1,0.2,0.6333333333333333
Allen Flanigan,32.0,30.7,14.8,5.0,11.5,43.4,0.5,1.7,27.3,4.3,5.3,81.7,45.65217391304348,6.1,2.8,1.5,0.7,1.2173913043478262
Tariq Francis,27.0,27.4,14.8,5.1,13.2,38.9,2.1,6.1,35.2,2.3,3.0,78.8,46.590909090909086,4.1,2.6,1.5,0.1,1.3
Olivier Nkamhoua,26.0,33.4,14.8,5.9,11.6,51.2,1.0,3.1,33.3,1.9,2.8,67.1,55.172413793103445,7.1,2.7,0.6,0.8,0.9642857142857144
Pierre Brooks,33.0,32.9,14.8,5.5,12.0,45.6,2.4,6.0,40.6,1.4,2.0,69.2,55.833333333333336,4.0,1.1,0.5,0.2,0.7333333333333334
Khalif Battle,32.0,24.7,14.8,3.7,9.2,40.6,1.5,4.3,35.3,5.8,6.7,87.3,48.36956521739131,3.3,1.3,0.8,0.3,0.8666666666666667
Javontae Hopkins,28.0,32.4,14.8,5.1,12.0,42.6,0.4,1.6,26.7,4.1,6.6,62.2,44.166666666666664,4.5,1.9,1.1,0.4,0.76
Nana Owusu-Anane,31.0,32.6,14.7,5.2,11.2,46.8,0.7,2.3,31.0,3.6,5.2,68.5,49.55357142857143,8.8,2.1,1.3,1.0,1.1666666666666667
Jacari Lane,32.0,29.0,14.7,4.9,11.7,42.1,0.8,2.2,36.2,4.1,4.9,82.8,45.29914529914531,3.0,3.8,1.1,0.2,1.727272727272727
Po'Boigh King,29.0,31.6,14.7,4.9,11.2,43.6,1.6,4.7,33.3,3.3,4.4,76.4,50.89285714285715,4.7,1.6,1.1,0.2,0.8
Jaden Seymour,35.0,31.1,14.7,4.9,11.0,44.0,1.3,4.3,29.5,3.7,5.2,71.4,50.45454545454546,6.1,1.3,1.2,0.6,0.5909090909090908
Houston Mallette,31.0,31.5,14.7,4.9,11.4,43.1,2.1,5.1,41.5,2.7,3.4,81.7,52.19298245614035,3.2,2.4,0.8,0.2,1.7142857142857144
Jamir Chaplin,34.0,33.9,14.7,5.6,9.7,58.4,0.9,2.4,36.1,2.5,3.5,71.4,62.371134020618555,6.4,1.9,1.3,0.6,1.3571428571428572
Ezra Manjon,30.0,31.9,14.7,5.2,11.6,44.8,0.5,1.5,31.8,3.8,4.6,82.6,46.98275862068966,3.2,3.8,1.1,0.2,1.8095238095238093
Selton Miguel,33.0,28.5,14.7,5.0,12.2,41.1,2.2,5.5,39.0,2.5,3.1,80.2,50.0,3.2,2.2,1.2,0.3,1.2222222222222223
Dezi Jones,35.0,30.9,14.6,5.2,12.1,43.2,1.9,5.2,36.6,2.3,2.7,84.9,50.826446280991746,3.6,3.3,1.3,0.1,1.65
Brooks Barnhizer,34.0,36.7,14.6,5.1,11.9,42.9,1.2,3.4,34.8,3.3,4.3,76.6,47.89915966386554,7.5,2.6,1.8,0.8,1.7333333333333334
Joe Octave,31.0,30.5,14.6,4.9,11.5,43.0,1.2,4.0,29.3,3.6,5.0,72.1,47.82608695652174,6.0,1.9,0.6,0.2,1.0555555555555556
Jailen Bedford,31.0,30.2,14.6,5.1,12.1,42.3,2.1,5.7,37.3,2.2,2.9,77.5,50.82644628099173,6.4,0.9,0.7,0.1,0.5
Lu'Cye Patterson,31.0,32.0,14.6,5.0,11.4,43.6,1.3,3.8,35.0,3.3,4.4,75.7,49.56140350877193,3.4,2.5,1.0,0.2,1.923076923076923
Zion Harmon,28.0,30.9,14.6,4.6,12.0,38.6,1.4,5.4,25.8,3.9,4.2,93.2,44.166666666666664,2.1,4.0,1.7,0.1,1.4814814814814814
Earl Timberlake,30.0,34.6,14.6,6.1,9.8,62.0,0.0,0.3,11.1,2.3,3.9,60.3,62.24489795918367,9.0,3.9,1.3,1.3,1.857142857142857
Ayinde Hikim,32.0,36.0,14.6,5.2,13.2,39.7,0.8,2.9,25.5,3.4,4.4,77.1,42.42424242424243,4.1,5.1,1.9,0.2,1.3421052631578947
Cam Carter,34.0,35.4,14.6,4.9,12.6,39.1,1.7,5.6,30.9,2.9,3.5,84.0,45.63492063492063,5.0,2.6,1.4,0.5,0.8666666666666667
Brandon Noel,31.0,34.4,14.5,5.4,10.0,53.5,1.0,2.6,40.0,2.8,3.5,79.8,59.00000000000001,8.0,1.6,0.8,0.8,0.888888888888889
Armando Bacot,37.0,30.3,14.5,5.2,9.7,54.0,0.1,0.3,40.0,3.9,5.1,78.1,54.12371134020619,10.3,1.5,0.6,1.5,0.9375
Lucas Taylor,31.0,30.7,14.5,5.5,13.4,40.7,2.1,5.8,35.4,1.5,2.0,78.7,48.88059701492537,3.0,1.8,0.6,0.3,1.0588235294117647
Marquis Barnett,31.0,30.7,14.5,5.1,10.3,49.8,0.8,3.1,26.3,3.5,5.0,69.5,53.398058252427184,4.5,2.5,1.9,0.9,1.0869565217391306
Anton Watson,35.0,31.4,14.5,5.8,10.0,57.8,0.6,1.5,41.2,2.3,3.5,65.3,61.0,7.1,2.6,1.5,0.7,1.8571428571428574
Ja'Kobe Walter,35.0,32.3,14.5,4.1,10.9,37.6,2.1,6.3,34.1,4.1,5.2,79.2,47.24770642201834,4.4,1.4,1.1,0.2,1.0769230769230769
Elijah Morgan,32.0,33.0,14.5,4.7,10.3,45.6,2.6,6.6,39.8,2.5,2.8,88.9,58.252427184466015,3.9,1.4,1.5,0.0,0.7777777777777777
Brayden Parker,34.0,30.4,14.5,5.5,10.4,52.7,1.3,3.9,33.3,2.2,3.3,66.4,59.13461538461539,5.8,1.4,1.1,1.4,0.8235294117647058
Connor Hickman,31.0,32.3,14.5,5.3,11.3,46.7,2.4,5.9,40.2,1.5,2.2,70.1,57.52212389380531,3.4,2.9,1.2,0.2,1.5263157894736843
Tucker Anderson,31.0,30.9,14.5,4.8,11.5,41.5,2.4,6.4,38.1,2.5,3.1,81.3,52.17391304347826,3.7,1.5,0.9,0.5,1.25
Fardaws Aimaq,32.0,32.1,14.5,5.6,12.1,46.4,0.5,1.7,30.2,2.8,4.3,65.0,48.34710743801653,11.0,2.1,0.9,1.0,0.8400000000000001
Yohan Traore,30.0,28.8,14.5,5.3,9.0,58.3,0.0,0.2,0.0,3.9,5.7,68.6,58.88888888888889,5.1,0.4,0.2,0.4,0.23529411764705885
Ziggy Reid,31.0,28.6,14.5,5.0,10.9,45.6,1.5,4.0,36.6,3.1,3.7,81.9,52.752293577981646,4.9,1.9,0.5,0.5,1.2666666666666666
Geronimo Rubio De La Rosa,25.0,30.8,14.4,4.6,10.5,44.3,2.3,5.8,39.6,2.9,3.5,81.8,54.761904761904766,3.8,2.7,1.6,0.1,1.4210526315789476
Taje' Kelly,30.0,30.8,14.4,5.5,11.5,47.5,0.5,1.3,38.5,3.0,4.5,67.2,50.0,7.6,1.5,0.4,0.5,0.5357142857142857
Markeese Hastings,31.0,30.7,14.4,5.5,10.6,51.5,0.8,2.0,38.7,2.7,3.6,73.5,55.66037735849058,7.8,1.7,0.8,0.7,0.6799999999999999
Peter Filipovity,32.0,27.1,14.4,5.5,9.8,56.2,0.3,1.4,24.4,3.1,4.1,75.4,57.6530612244898,7.6,0.9,1.2,0.2,0.6923076923076923
Obinna Anochili-Killen,30.0,30.6,14.4,4.9,11.0,44.4,1.0,3.1,32.6,3.7,5.5,66.7,49.09090909090909,5.9,1.6,1.0,1.0,1.0
Arthur Kaluma,33.0,34.5,14.4,4.6,10.8,42.7,1.5,4.5,34.5,3.6,4.8,74.7,49.53703703703703,7.0,2.0,0.8,0.5,0.7142857142857143
Tyler Cochran,32.0,29.7,14.4,5.7,11.6,49.5,0.9,2.5,34.6,2.1,2.9,70.2,53.017241379310356,6.4,2.1,1.9,0.2,0.9545454545454545
Treysen Eaglestaff,32.0,28.5,14.4,5.0,11.5,43.4,2.5,6.5,38.3,1.9,2.3,81.1,54.347826086956516,2.3,1.5,0.7,0.4,0.8333333333333333
Walyn Napper,35.0,32.8,14.4,5.7,12.6,45.0,0.7,2.7,25.3,2.3,3.7,62.3,48.01587301587302,4.0,4.5,1.5,0.3,1.6071428571428572
Adama Bal,30.0,31.1,14.4,4.6,10.7,43.3,1.7,4.9,35.4,3.4,4.1,82.1,50.93457943925234,3.2,3.1,0.9,0.2,1.347826086956522
Tyler Bilodeau,32.0,29.8,14.3,5.3,10.0,53.3,0.9,2.7,34.5,2.7,3.4,79.8,57.49999999999999,5.7,1.2,0.6,0.4,0.7999999999999999
Cam Spencer,40.0,32.8,14.3,4.9,10.1,48.4,2.5,5.6,44.0,2.1,2.3,91.1,60.891089108910904,4.9,3.6,1.5,0.3,3.6
Kenyon Giles,32.0,32.2,14.3,5.7,13.6,41.6,1.6,5.2,30.5,1.4,1.7,81.8,47.794117647058826,2.0,2.8,1.0,0.1,1.6470588235294117
Reece Beekman,34.0,32.7,14.3,5.3,11.9,44.3,0.9,2.9,31.0,2.8,3.7,75.4,48.319327731092436,3.6,6.2,2.0,0.5,2.9523809523809526
Dominick Harris,24.0,28.4,14.3,4.7,10.9,42.9,2.7,6.0,44.8,2.3,2.9,78.3,55.5045871559633,3.3,1.0,0.5,0.1,0.5263157894736842
Lahat Thioune,31.0,26.9,14.3,6.1,10.6,57.3,0.0,0.0,0.0,2.1,2.9,71.4,57.54716981132076,9.3,0.8,0.5,0.5,0.2962962962962963
Sahvir Wheeler,31.0,33.8,14.3,5.6,12.9,43.6,0.8,2.9,26.7,2.2,3.5,64.5,46.51162790697674,3.5,6.1,1.3,0.2,1.8484848484848484
Jared McCain,36.0,31.6,14.3,4.9,10.5,46.2,2.4,5.8,41.4,2.1,2.4,88.5,58.0952380952381,5.0,1.9,1.1,0.1,1.4615384615384615
Jlynn Counter,29.0,30.5,14.3,5.2,11.5,44.9,0.9,2.7,32.5,3.1,4.0,76.7,49.1304347826087,3.9,3.0,1.5,0.2,0.8823529411764706
A'lahn Sumler,29.0,29.6,14.2,5.1,12.8,40.1,2.0,6.1,32.6,2.0,2.7,72.2,47.65624999999999,3.1,1.7,0.9,0.3,1.0625
Jonathan Mogbo,34.0,28.9,14.2,6.1,9.5,63.6,0.0,0.1,0.0,2.1,3.1,69.2,64.21052631578948,10.1,3.6,1.6,0.8,2.0
Seth Towns,32.0,32.4,14.2,4.1,11.2,36.8,2.1,6.1,34.7,3.8,4.6,84.2,45.982142857142854,6.5,2.5,1.0,0.4,1.25
Trae Broadnax,30.0,31.4,14.2,5.3,11.4,46.5,1.0,3.0,33.7,2.6,3.6,71.6,50.87719298245613,4.2,3.5,1.0,0.2,1.5217391304347827
Tai Strickland,25.0,30.9,14.2,5.0,11.4,43.5,0.7,2.9,24.7,3.6,4.5,79.5,46.92982456140351,4.0,2.6,1.8,0.4,0.896551724137931
Kyle Rode,32.0,30.6,14.2,4.8,12.1,40.1,3.1,8.1,38.8,1.4,1.8,75.9,52.47933884297521,4.9,2.5,0.8,0.1,2.2727272727272725
Ace Baldwin Jr.,33.0,35.9,14.2,4.4,11.4,38.9,1.5,4.4,32.9,3.9,4.7,82.6,45.17543859649123,2.7,6.0,2.7,0.3,2.3076923076923075
Jaxson Robinson,33.0,26.5,14.2,5.0,11.7,42.6,2.5,6.9,35.4,1.8,2.0,90.8,53.41880341880342,2.5,1.3,0.7,0.4,0.8666666666666667
Idan Tretout,28.0,28.1,14.2,4.7,12.0,39.4,2.1,5.9,36.0,2.6,3.9,67.3,47.91666666666667,2.9,2.3,1.5,0.2,1.0952380952380951
Jamal Mashburn Jr.,28.0,29.4,14.1,4.6,12.7,36.0,1.4,4.5,31.7,3.6,4.2,84.7,41.73228346456693,2.1,1.5,0.4,0.1,1.1538461538461537
Kelton Talford,31.0,27.1,14.1,4.9,7.9,62.4,0.1,0.3,25.0,4.2,6.1,69.1,62.65822784810127,5.7,1.1,0.5,0.6,0.5238095238095238
Shamar Wright,32.0,33.5,14.1,4.9,11.0,44.7,1.3,4.0,32.8,3.0,4.6,65.8,50.45454545454546,4.6,1.1,1.6,0.5,0.7333333333333334
Danny Wolf,32.0,30.8,14.1,5.5,11.7,47.2,0.9,2.6,34.5,2.2,3.1,71.7,50.854700854700866,9.7,2.4,1.0,1.3,1.0434782608695652
Jaden House,32.0,28.1,14.1,4.9,10.9,45.1,1.3,4.0,33.1,2.9,4.3,67.4,50.91743119266056,3.2,1.4,0.7,0.3,0.6666666666666666
Meechie Johnson,33.0,29.1,14.1,4.7,11.8,39.9,1.8,5.7,32.1,2.8,3.6,78.8,47.45762711864407,4.1,2.9,0.9,0.1,1.8124999999999998
Atin Wright,35.0,30.7,14.1,4.8,10.5,45.8,1.9,4.6,40.6,2.6,3.1,81.8,54.761904761904766,2.3,1.9,1.1,0.1,1.5833333333333333
Donovan Dent,35.0,31.3,14.1,5.6,10.7,52.0,0.4,1.1,37.5,2.5,3.7,68.2,54.20560747663552,2.5,5.4,1.5,0.7,2.347826086956522
Isaiah Thompson,24.0,30.1,14.1,4.0,9.7,41.6,2.4,6.2,38.5,3.6,4.3,83.7,53.60824742268042,1.9,2.0,1.1,0.0,1.0
Ja'Darius Harris,26.0,29.2,14.1,4.6,10.2,45.1,1.1,3.2,33.7,3.8,4.5,83.1,50.49019607843137,3.3,1.9,0.9,0.0,0.95
KJ Johnson,29.0,28.4,14.1,4.2,9.6,43.4,0.9,2.8,32.5,4.8,6.2,77.3,48.43750000000001,2.7,2.1,0.3,0.1,1.6153846153846154
Shykeim Phillips,31.0,26.2,14.1,5.5,10.5,52.5,0.4,1.2,34.2,2.7,3.3,80.6,54.28571428571429,3.2,3.7,1.9,0.2,3.7
Boden Skunberg,31.0,34.0,14.1,5.0,12.2,40.8,1.6,4.6,34.0,2.5,3.2,79.0,47.54098360655738,5.4,2.1,0.6,0.0,1.105263157894737
Seth Hubbard,31.0,30.9,14.1,4.8,13.2,36.8,2.2,6.9,32.1,2.2,2.7,79.8,44.6969696969697,3.4,1.6,1.1,0.3,1.142857142857143
Quinton Mincey,32.0,27.1,14.1,4.5,9.1,49.3,1.4,3.9,34.9,3.7,4.8,76.1,57.14285714285715,6.6,1.0,0.7,0.6,0.7692307692307692
Jayvis Harvey,28.0,34.8,14.0,4.3,10.3,41.9,1.9,5.1,36.4,3.5,4.5,79.2,50.970873786407765,3.9,3.0,1.1,0.4,1.5789473684210527
Darius Maddox,29.0,33.9,14.0,4.7,10.7,44.3,2.3,5.6,41.4,2.3,2.7,85.7,54.67289719626168,3.4,1.8,0.6,0.3,1.3846153846153846
Jaylen Forbes,30.0,33.9,14.0,4.4,11.4,38.2,2.6,7.3,35.2,2.7,3.6,76.6,50.0,3.8,1.8,1.4,0.3,0.9473684210526316
Devontae Blanton,30.0,30.4,14.0,5.6,13.4,41.9,0.5,1.7,30.8,2.2,3.2,69.8,43.656716417910445,5.3,2.5,0.7,0.3,1.3157894736842106
Will Thomas,30.0,28.1,14.0,5.4,11.4,47.1,0.4,2.0,20.3,2.9,3.4,85.3,49.12280701754386,4.0,1.9,1.0,0.5,1.0
Brandon Johnson,31.0,34.7,14.0,4.6,11.1,42.0,2.1,5.7,36.5,2.6,3.6,73.9,50.9009009009009,8.6,1.6,1.7,0.5,0.9411764705882354
Akuel Kot,32.0,34.0,14.0,4.8,11.2,43.3,1.9,5.0,37.9,2.4,2.8,86.7,51.33928571428572,2.5,2.0,0.6,0.2,0.8695652173913044
Gabe DorseyW&,33.0,31.8,14.0,4.2,10.7,38.7,3.4,9.4,36.5,2.3,2.6,89.4,55.14018691588786,3.0,0.7,0.6,0.1,0.8749999999999999
Miguel Tomley,34.0,31.4,14.0,4.9,11.5,42.5,2.5,6.5,38.3,1.8,2.3,77.9,53.47826086956522,3.0,1.9,0.8,0.1,1.2666666666666666
Dhashon Dyson,34.0,33.0,14.0,4.9,14.1,34.9,1.8,5.2,34.5,2.4,3.1,74.8,41.13475177304965,3.5,1.9,1.7,0.0,1.0
Max Shulga,37.0,32.9,14.0,3.9,8.8,44.6,2.3,5.6,41.5,3.8,4.4,87.6,57.386363636363626,4.6,3.6,0.9,0.3,1.8
Sion James,31.0,36.8,14.0,4.8,9.3,51.4,1.4,3.6,38.1,3.1,4.5,68.3,59.13978494623655,5.4,2.7,1.6,0.7,2.2500000000000004
Jeremy Roach,35.0,32.7,14.0,4.7,10.1,46.8,1.5,3.6,42.9,2.9,3.5,84.4,53.960396039603964,2.5,3.3,1.1,0.1,2.357142857142857
Nolan Hickman,35.0,35.3,14.0,5.1,10.9,47.1,2.2,5.4,41.3,1.5,1.7,88.3,56.88073394495412,2.3,2.7,1.0,0.3,2.076923076923077
Tony Perkins,34.0,30.9,14.0,4.8,11.1,43.2,0.7,2.3,29.9,3.7,4.7,78.8,46.3963963963964,4.4,4.6,1.6,0.4,2.4210526315789473
Marcus Williams,34.0,30.8,14.0,5.5,12.0,45.6,1.9,5.5,34.4,1.1,1.7,67.2,53.75,3.3,3.9,1.4,0.3,1.7727272727272725
Jaylin Hunter,33.0,31.3,14.0,4.8,11.5,41.7,1.5,5.1,29.3,2.9,3.9,74.4,48.26086956521739,4.4,4.9,1.7,0.2,2.3333333333333335
Mekhi Mason,32.0,30.5,14.0,4.8,12.1,39.3,1.5,4.5,34.3,2.9,4.3,68.1,45.86776859504132,4.0,2.8,0.9,0.5,1.2173913043478262
Stephan Swenson,35.0,33.4,13.9,4.9,12.1,41.0,1.3,4.1,32.4,2.7,3.3,81.9,45.86776859504133,4.7,5.8,1.5,0.1,2.148148148148148
Duke Deen,35.0,32.9,13.9,5.0,11.5,43.7,2.5,6.6,38.1,1.4,1.7,78.7,54.347826086956516,3.2,3.9,0.9,0.1,2.1666666666666665
Miles Kelly,32.0,31.8,13.9,4.7,12.7,36.9,2.2,6.7,32.1,2.4,3.3,73.3,45.66929133858268,5.5,1.8,0.8,0.3,0.9
Tahlik Chavez,31.0,30.8,13.9,4.2,9.7,42.7,2.6,6.4,40.4,3.0,3.9,77.7,56.70103092783506,2.9,1.3,0.9,0.0,1.0833333333333335
Jahmyl Telfort,33.0,34.8,13.9,5.2,12.1,43.5,1.1,3.3,32.7,2.3,2.8,84.6,47.5206611570248,4.9,3.0,1.0,0.5,1.7647058823529411
Tyrese Samuel,36.0,26.8,13.9,5.5,9.8,56.4,0.1,0.7,16.0,2.8,4.9,56.2,56.63265306122448,7.4,1.9,1.1,1.1,1.1176470588235294
Ben Johnson,27.0,32.1,13.9,5.1,12.2,41.5,2.6,6.7,38.1,1.2,1.5,80.0,52.459016393442624,3.4,1.4,0.7,0.0,2.0
Gerald Drumgoole Jr.,33.0,28.6,13.9,4.7,10.8,43.3,2.3,6.2,37.3,2.2,3.5,64.3,54.166666666666664,3.8,2.4,0.4,0.2,1.5999999999999999
Jhamir Brickus,33.0,36.5,13.9,4.8,11.0,43.3,1.8,4.5,40.0,2.5,3.0,85.7,51.81818181818182,3.5,4.8,1.2,0.1,2.2857142857142856
Jestin Porter,33.0,31.8,13.9,5.0,12.5,39.9,1.8,5.5,33.7,2.1,2.7,77.5,47.2,3.3,1.8,1.0,0.2,0.8181818181818181
Aaron Clarke,31.0,33.0,13.9,4.9,12.0,41.1,2.0,5.7,35.0,2.0,2.6,77.5,49.16666666666667,3.5,3.0,0.7,0.1,2.3076923076923075
Brycen Goodine,31.0,25.9,13.9,4.9,9.8,49.8,2.5,5.3,46.7,1.6,2.2,76.1,62.755102040816325,3.0,1.4,0.8,0.3,0.9333333333333332
Aidan Mahaney,34.0,33.2,13.9,4.9,12.8,38.6,2.4,6.9,35.5,1.5,1.9,81.3,47.65625,2.6,2.6,0.8,0.1,1.8571428571428574
Joel Soriano,33.0,28.2,13.8,5.1,8.8,57.7,0.2,0.5,43.8,3.4,4.9,70.2,59.09090909090908,9.5,1.5,0.2,1.7,1.25
Aniwaniwa Tait-Jones,33.0,29.7,13.8,4.8,8.5,56.1,0.3,0.8,34.6,4.0,5.5,73.1,58.235294117647065,5.8,2.9,1.1,0.3,1.3181818181818181
Carlton Carrington,33.0,33.2,13.8,4.8,11.7,41.2,2.0,6.1,32.2,2.2,2.8,78.5,49.572649572649574,5.2,4.1,0.6,0.2,2.1578947368421053
Keith Lamar,27.0,27.9,13.8,4.8,10.5,45.9,1.6,3.7,42.4,2.6,3.5,75.5,53.333333333333336,5.3,1.4,1.2,0.4,0.7368421052631579
Frankie Collins,32.0,32.3,13.8,5.3,12.5,42.6,1.4,4.5,31.0,1.8,3.1,57.6,48.0,4.4,3.2,2.6,0.2,1.1851851851851851
Zion Young,31.0,29.5,13.8,4.2,10.8,38.4,1.9,5.6,33.1,3.6,4.6,77.8,47.68518518518518,3.5,0.7,0.6,0.1,0.6363636363636362
Beau Becker,31.0,30.0,13.8,5.4,11.0,48.5,2.4,6.0,39.6,0.7,1.0,71.0,60.00000000000001,4.4,1.5,0.5,0.8,1.5
Lamar Wilkerson,31.0,29.7,13.8,4.9,11.4,42.8,1.7,4.8,34.7,2.4,2.9,83.1,50.43859649122807,3.6,1.4,1.0,0.2,1.0769230769230769
Cameron Hildreth,35.0,34.1,13.8,4.7,10.3,45.4,1.1,3.3,35.1,3.3,4.1,80.4,50.970873786407765,4.7,2.4,1.0,0.2,1.1428571428571428
Malevy Leons,35.0,34.4,13.8,4.5,9.2,48.8,1.2,3.6,34.1,3.6,4.6,78.3,55.434782608695656,7.1,1.3,1.5,1.5,0.7647058823529412
Ben Krikke,34.0,28.6,13.8,5.5,10.0,54.7,0.2,0.5,33.3,2.7,3.6,74.0,55.99999999999999,4.8,1.4,0.9,0.3,1.2727272727272725
VonCameron Davis,33.0,29.2,13.8,5.3,10.9,48.5,1.0,2.9,33.0,2.3,3.0,75.0,53.21100917431192,5.1,1.4,1.0,0.2,0.9333333333333332
Tyrin Lawrence,28.0,31.1,13.8,4.4,11.1,39.9,1.0,3.7,27.2,3.9,5.6,70.5,44.14414414414415,5.1,1.5,1.4,0.4,0.7894736842105263
Jaylen Murray,32.0,32.2,13.8,4.8,11.8,41.1,2.3,6.0,37.3,1.8,2.4,76.6,50.42372881355931,2.3,4.0,1.4,0.4,2.3529411764705883
Robert Brown,32.0,34.4,13.8,4.5,10.5,42.9,2.5,6.1,40.8,2.3,2.9,77.7,54.761904761904766,3.1,1.6,0.8,0.2,0.9411764705882354
Yaxel Lendeborg,35.0,30.1,13.8,4.5,8.7,51.3,0.3,1.0,33.3,4.5,5.6,80.0,53.448275862068975,10.6,2.1,0.7,2.1,1.05
Xavier Amos,25.0,30.9,13.8,5.2,10.4,49.6,1.6,4.2,38.5,1.8,2.8,64.8,57.692307692307686,5.8,1.2,0.8,1.3,0.5217391304347826
Shaquil Bender,25.0,31.8,13.8,5.2,13.6,38.1,1.9,5.5,34.1,1.5,1.8,80.4,45.22058823529412,3.2,1.6,1.2,0.2,0.64
TK Simpkins,29.0,27.1,13.8,4.2,10.2,41.6,0.9,3.0,28.7,4.4,6.0,74.0,45.58823529411765,4.7,3.1,1.6,0.3,1.347826086956522
AJ Smith,31.0,30.1,13.7,4.5,10.8,41.3,1.0,3.5,27.5,3.9,4.9,78.9,46.29629629629629,8.8,1.4,1.1,0.6,0.6363636363636362
Sky Wicks,30.0,27.6,13.7,4.8,12.1,39.6,1.4,4.5,31.1,2.7,3.8,72.6,45.45454545454546,6.6,1.8,0.9,0.6,0.5625
Tyler Perkins,29.0,29.8,13.7,4.6,11.8,39.1,1.8,5.2,34.7,2.7,3.5,76.5,46.61016949152542,5.3,1.9,1.4,0.1,1.0555555555555556
Julian Reese,32.0,31.9,13.7,5.0,9.1,54.6,0.0,0.0,0.0,3.8,6.7,56.8,54.94505494505495,9.5,1.3,1.0,1.9,0.52
Cliff Davis,31.0,31.4,13.7,4.6,11.5,39.9,3.0,7.6,39.2,1.5,1.8,84.2,53.043478260869556,3.6,1.7,1.0,0.1,1.3076923076923077
Keshon Gilbert,37.0,31.0,13.7,4.4,10.0,43.8,1.0,2.8,34.6,4.0,5.5,72.8,49.00000000000001,4.4,4.2,2.0,0.1,1.5000000000000002
Chibuzo Agbo,33.0,31.2,13.7,4.7,10.4,45.2,2.3,5.6,40.9,2.0,2.7,72.2,56.25,5.1,0.8,0.6,0.4,0.7272727272727273
Deywilk Tavarez,33.0,30.8,13.7,4.5,11.2,39.6,1.6,4.5,36.2,3.1,4.1,76.9,47.32142857142858,3.4,3.6,2.0,0.0,0.9473684210526316
Claudell Harris Jr.,35.0,31.5,13.7,4.8,12.0,40.3,2.5,6.8,37.0,1.5,2.1,71.2,50.416666666666664,3.7,2.1,0.8,0.1,1.909090909090909
Matthew Cleveland,29.0,33.2,13.7,5.3,10.9,48.9,1.0,2.9,35.7,2.0,2.5,79.5,53.21100917431192,6.1,1.7,1.3,0.4,0.8947368421052632
Dedan Thomas Jr.,34.0,34.9,13.6,4.8,10.7,44.9,1.0,2.8,36.2,3.1,4.1,74.3,49.532710280373834,2.7,5.1,0.9,0.0,2.318181818181818
Samage Teel,32.0,27.9,13.6,4.6,10.5,44.2,1.7,4.1,41.5,2.7,3.6,75.4,51.9047619047619,2.6,2.7,0.8,0.1,1.2272727272727273
B.J. Mack,34.0,24.8,13.6,4.5,10.8,41.4,1.5,4.6,32.1,3.2,4.0,80.1,48.61111111111111,4.7,1.3,0.3,0.5,1.0
Chris Doherty,31.0,28.9,13.6,5.4,10.4,52.2,0.5,2.2,23.5,2.3,3.1,73.7,54.32692307692308,6.7,2.3,0.5,0.8,0.8214285714285714
Ray'Sean Taylor,33.0,30.7,13.6,4.6,11.9,38.4,2.5,6.7,36.7,2.0,2.5,80.5,49.159663865546214,3.6,2.8,1.2,0.1,1.0769230769230769
Charles Smith,30.0,28.2,13.6,4.6,11.2,41.2,1.2,3.6,33.6,3.2,4.0,80.0,46.42857142857142,3.3,1.8,1.3,0.4,0.9
Gabe Madsen,37.0,32.7,13.6,4.8,11.0,43.6,2.8,7.4,38.6,1.2,1.6,72.1,56.36363636363636,3.9,2.5,1.3,0.1,1.25
Noel Coleman,34.0,32.6,13.6,4.5,10.1,44.9,1.9,5.3,35.4,2.6,3.2,81.8,53.960396039603964,3.4,1.4,1.2,0.2,0.9333333333333332
RayJ Dennis,35.0,34.3,13.6,5.1,10.7,47.9,1.1,3.4,32.8,2.2,3.0,73.1,52.80373831775701,3.9,6.7,1.4,0.1,1.9142857142857144
Tre Jackson,32.0,33.3,13.6,4.7,12.1,39.0,3.0,8.2,37.0,1.1,1.3,83.3,51.23966942148761,3.0,1.8,1.0,0.0,1.3846153846153846
Nico Galette,31.0,27.8,13.5,5.2,12.3,42.1,1.0,3.0,32.3,2.2,3.6,61.3,46.34146341463414,7.3,2.1,1.9,0.5,0.9545454545454545
Hunter Cattoor,33.0,33.2,13.5,4.0,9.0,44.9,2.5,6.1,40.5,3.0,3.4,89.3,58.333333333333336,2.8,1.9,0.9,0.2,1.5833333333333333
Marcus Dockery,35.0,34.0,13.5,4.5,10.6,42.2,2.7,6.7,40.6,1.9,2.3,82.3,55.18867924528301,3.3,1.8,0.9,0.1,0.8571428571428571
Alex Schumacher,37.0,30.6,13.5,4.4,10.5,42.3,0.8,2.6,30.9,3.9,5.0,77.7,45.714285714285715,3.7,5.1,1.3,0.1,1.7586206896551724
Jose Perez,30.0,30.9,13.5,4.1,9.6,43.1,0.6,1.4,40.5,4.7,6.4,73.8,45.83333333333333,3.8,2.7,0.9,0.3,1.6875
KJ Allen,30.0,27.2,13.5,4.3,9.8,44.2,0.9,2.3,38.6,4.0,5.1,78.3,48.46938775510204,7.4,1.2,1.0,0.2,0.7999999999999999
Jahvon Quinerly,32.0,32.9,13.5,4.4,10.8,40.5,1.8,5.3,34.5,3.0,3.8,79.2,49.074074074074076,3.3,4.9,1.3,0.1,2.130434782608696
Ray Harrison,34.0,32.8,13.5,4.3,10.5,40.6,1.0,3.4,28.7,4.0,4.8,83.5,45.714285714285715,2.9,3.9,0.8,0.2,1.857142857142857
Jayson Kent,38.0,30.3,13.5,4.9,7.7,63.9,0.8,2.2,36.6,2.8,3.4,83.7,68.83116883116884,8.1,0.6,0.7,0.5,0.5454545454545454
Ethan Taylor,31.0,36.8,13.5,4.5,12.0,37.8,2.7,7.6,35.7,1.7,2.1,81.5,48.75,4.0,2.7,1.2,0.4,1.4210526315789476
DJ Davis,33.0,29.4,13.5,4.3,10.0,42.9,2.0,5.8,35.1,2.9,3.0,95.0,53.0,3.2,2.6,1.1,0.1,1.625
Trey MossW&,33.0,31.3,13.5,4.8,11.7,41.3,1.3,4.5,29.1,2.6,3.4,75.2,46.581196581196586,3.5,2.2,0.7,0.0,1.4666666666666668
Brian Goracke,35.0,30.4,13.5,4.4,10.1,43.6,2.0,5.4,36.5,2.7,3.2,86.5,53.46534653465347,4.3,0.8,0.6,0.5,0.5
Wayne McKinney,32.0,30.1,13.5,4.5,10.7,41.9,0.8,2.5,34.2,3.7,5.0,74.4,45.79439252336449,3.6,2.9,1.3,0.2,1.380952380952381
Roddy Gayle Jr.,36.0,30.9,13.5,4.7,10.4,44.9,0.8,2.8,28.4,3.3,4.0,83.2,49.03846153846154,4.6,3.1,0.8,0.2,1.2916666666666667
Jonathan Cisse,32.0,29.2,13.5,4.3,10.5,41.2,1.6,4.2,37.8,3.3,4.0,82.7,48.57142857142856,3.4,2.8,0.9,0.1,1.8666666666666665
Quimari Peterson,35.0,32.0,13.5,5.1,12.9,39.3,1.1,3.8,28.6,2.2,3.1,71.6,43.7984496124031,4.5,3.7,1.7,0.3,1.6086956521739133
Tyrone Williams,31.0,30.9,13.5,5.3,12.4,42.6,1.1,4.1,27.3,1.8,2.9,61.1,47.177419354838705,5.6,1.1,1.5,0.3,0.8461538461538461
Tamar Bates,32.0,27.4,13.5,4.8,9.7,49.5,1.1,2.8,38.5,2.8,3.0,92.6,55.154639175257735,3.0,1.3,0.8,0.2,0.7647058823529412
Nate Heise,32.0,32.9,13.5,4.7,10.1,46.3,1.5,4.1,35.6,2.7,3.7,72.9,53.960396039603964,6.1,2.4,0.9,0.6,1.4999999999999998
Andrew Carr,35.0,32.5,13.5,4.7,8.9,52.6,1.0,2.8,37.1,3.1,3.9,78.1,58.42696629213483,6.8,1.5,0.5,1.5,1.25
Davon Barnes,33.0,30.9,13.5,4.5,10.7,42.1,1.8,4.6,39.1,2.6,3.2,83.7,50.46728971962617,3.5,1.6,0.7,0.2,0.888888888888889
Kaden Metheny,32.0,32.0,13.4,4.8,10.5,45.2,2.7,6.6,41.2,1.2,1.8,68.4,58.57142857142858,3.4,2.7,0.8,0.1,1.4210526315789476
Oso Ighodaro,36.0,32.5,13.4,5.4,9.4,57.6,0.0,0.1,0.0,2.5,4.1,62.3,57.446808510638306,6.9,2.9,1.1,1.3,1.611111111111111
Anthony Roberts,36.0,32.1,13.4,5.1,11.1,45.8,1.0,3.3,30.8,2.2,2.8,80.8,50.45045045045045,5.8,1.6,1.7,0.7,0.8
Josh Corbin,29.0,33.6,13.4,4.1,10.9,37.5,3.0,8.3,36.3,2.2,2.6,85.3,51.376146788990816,3.1,3.2,0.5,0.0,1.6842105263157896
Jamal West Jr.,34.0,32.6,13.4,4.6,9.1,50.3,0.1,0.8,18.5,4.1,6.0,69.1,51.098901098901095,7.4,2.1,0.6,1.6,0.6774193548387097
Chad Venning,33.0,24.1,13.4,5.3,10.1,52.9,0.0,0.1,0.0,2.7,3.8,70.9,52.475247524752476,4.6,0.5,0.4,1.6,0.22727272727272727
John Poulakidas,33.0,31.0,13.4,4.7,10.5,44.7,2.5,6.2,40.5,1.5,1.9,76.6,56.666666666666664,2.3,1.9,0.5,0.4,2.111111111111111
Adam Clark,33.0,31.2,13.4,5.2,11.1,46.9,0.2,1.3,14.0,2.8,3.7,74.8,47.74774774774775,2.5,3.9,2.5,0.1,1.56
Arturo Dean,31.0,28.8,13.4,5.4,12.8,41.8,0.9,2.9,30.3,1.8,2.8,64.4,45.703125,5.1,4.0,3.4,0.2,1.081081081081081
Brice Williams,34.0,29.7,13.4,4.2,9.5,44.4,1.5,3.8,38.8,3.5,4.1,84.4,52.10526315789474,5.5,2.5,1.1,0.6,1.3888888888888888
Jalen Cone,32.0,35.6,13.4,3.9,11.8,33.2,2.8,8.7,31.9,2.8,3.4,81.7,44.91525423728813,2.1,2.3,0.6,0.1,1.769230769230769
Chuck Harris,32.0,29.8,13.4,4.8,11.1,43.2,2.1,5.2,40.7,1.7,2.1,81.8,52.702702702702695,3.2,3.4,1.0,0.2,1.7894736842105263
Aaron Estrada,37.0,31.0,13.4,5.3,11.9,44.9,1.4,4.3,31.3,1.4,1.6,84.7,50.42016806722689,5.4,4.6,1.6,0.2,2.0
Shereef Mitchell,32.0,29.9,13.3,4.9,10.5,47.0,1.1,3.3,32.7,2.4,3.3,73.1,51.90476190476191,4.2,2.4,1.4,0.2,1.7142857142857144
T.J. Bickerstaff,36.0,23.4,13.3,5.2,8.4,61.9,0.0,0.1,0.0,2.9,4.8,62.0,61.904761904761905,8.4,1.7,1.1,0.4,0.9444444444444444
Javaunte Hawkins,33.0,26.8,13.3,4.5,11.2,39.8,2.7,6.9,38.4,1.8,2.2,80.6,52.23214285714286,2.2,2.3,1.2,0.0,1.5333333333333332
Javian McCollum,30.0,31.1,13.3,4.4,10.9,40.4,1.8,5.7,31.4,2.7,2.9,94.3,48.62385321100918,2.6,3.4,0.8,0.1,1.7
Nijel Pack,25.0,32.6,13.3,4.9,12.2,40.0,2.0,5.6,35.7,1.6,2.0,76.5,48.360655737704924,2.6,3.6,1.0,0.3,2.0
JJ Starling,32.0,34.4,13.3,5.3,11.7,45.8,1.4,4.3,32.4,1.3,1.8,71.4,51.28205128205129,3.2,1.9,0.8,0.2,1.1176470588235294
Ryan Myers,32.0,30.2,13.3,4.2,11.0,38.4,2.6,6.4,40.0,2.3,2.8,81.3,50.0,2.5,2.1,0.4,0.0,0.9130434782608696
Ian Martinez,34.0,30.9,13.3,4.2,8.9,47.4,1.6,4.1,38.1,3.3,3.9,85.6,56.179775280898866,3.6,1.8,0.9,0.8,1.0
Deivon Smith,28.0,29.5,13.3,5.0,10.7,46.7,1.0,2.5,40.8,2.3,3.3,67.7,51.40186915887851,6.3,7.1,1.1,0.3,2.84
Rashaun Agee,33.0,27.5,13.3,4.8,8.4,57.0,0.1,0.4,23.1,3.6,5.3,68.0,57.738095238095234,9.9,1.6,0.9,0.8,0.7272727272727273
Daniel Rivera,33.0,31.6,13.3,5.6,11.1,50.3,0.1,0.8,10.7,2.0,4.3,46.9,50.9009009009009,8.1,2.2,1.0,2.2,1.2222222222222223
Troy Hupstead,26.0,25.8,13.3,4.7,10.8,43.8,0.8,2.5,32.8,3.0,4.3,69.6,47.22222222222223,8.5,1.1,0.6,0.6,0.5
Toneari Lane,31.0,31.3,13.3,4.6,12.5,36.6,2.8,8.2,33.7,1.3,1.6,82.0,48.0,2.5,0.8,0.3,0.3,2.0
Bowen Born,31.0,27.5,13.3,4.3,11.4,37.6,1.7,5.5,32.0,2.9,3.3,88.3,45.175438596491226,2.5,1.8,1.0,0.0,1.5
Alex Karaban,39.0,31.4,13.3,4.9,9.9,49.5,2.1,5.5,37.9,1.4,1.6,88.5,60.1010101010101,5.1,1.5,0.9,0.8,1.875
Skyy Clark,29.0,31.9,13.2,4.4,10.6,41.2,1.6,4.6,35.3,2.9,3.7,77.6,49.05660377358491,3.1,3.0,1.0,0.1,1.0
Alex Williams,25.0,26.9,13.2,4.6,10.4,43.8,2.4,5.9,39.9,1.8,2.3,75.9,55.769230769230774,4.8,1.0,0.7,0.0,0.5882352941176471
Jeremiah Gambrell,30.0,27.1,13.2,4.4,9.7,44.9,2.5,5.9,42.6,2.0,2.5,80.0,58.24742268041238,2.4,0.8,1.1,0.2,1.0
Elijah Buchanan,22.0,31.4,13.2,5.0,13.3,37.9,1.1,4.3,25.5,2.0,3.2,64.3,41.72932330827067,5.8,1.8,1.5,0.5,1.125
Carlos Marshall Jr.,31.0,24.3,13.2,4.7,9.8,48.2,2.0,4.6,42.4,1.8,2.3,77.5,58.16326530612245,4.4,1.7,0.8,0.0,0.8947368421052632
Alvaro Cardenas,31.0,35.5,13.2,5.0,10.9,45.7,1.5,3.8,38.5,1.8,2.2,80.9,52.752293577981646,3.3,5.5,0.9,0.1,2.619047619047619
De'Shayne Montgomery,32.0,27.8,13.2,4.9,9.1,53.8,0.9,2.1,41.2,2.6,3.6,72.8,58.7912087912088,3.5,2.0,1.7,0.7,0.7142857142857143
Parker Bjorklund,33.0,24.9,13.2,5.0,10.7,47.2,1.1,3.5,31.6,2.1,2.8,73.1,51.86915887850467,4.6,1.2,0.8,0.2,1.0
Cooper Schwieger,31.0,29.9,13.2,5.1,10.2,50.2,1.1,2.9,36.3,1.9,2.5,78.9,55.392156862745104,5.4,1.0,0.4,0.9,0.625
Garry Clark,33.0,26.8,13.2,5.5,10.4,53.2,0.5,1.7,26.3,1.7,2.6,64.4,55.28846153846154,8.1,1.0,1.1,0.5,0.6666666666666666
Justin Winston,25.0,25.7,13.2,4.6,11.5,39.9,1.1,3.6,30.3,2.9,3.3,86.7,44.78260869565217,5.3,0.7,1.1,0.5,0.2692307692307692
Parsa Fallah,25.0,27.6,13.2,5.7,10.0,57.0,0.1,0.7,17.6,1.7,2.5,66.7,57.49999999999999,6.0,1.6,0.6,0.3,0.5714285714285715
Connor Kochera,32.0,29.3,13.2,4.8,9.8,49.2,1.6,4.3,36.2,2.0,2.5,77.8,57.14285714285714,4.3,0.9,1.0,0.0,0.8181818181818181
AJ McGinnis,32.0,30.0,13.2,4.8,10.3,46.1,2.4,6.1,39.7,1.3,1.5,83.3,58.252427184466015,2.3,0.9,0.5,0.2,0.6923076923076923
Lynn Kidd,33.0,23.2,13.2,5.4,8.0,66.8,0.0,0.0,0.0,2.4,2.9,84.2,67.5,6.5,1.1,0.5,0.4,0.8461538461538461
Donovan Ivory,24.0,31.7,13.1,4.1,9.9,41.4,1.9,4.6,40.9,3.1,3.5,89.2,51.010101010101,4.4,1.8,1.4,0.4,1.2
Kamdyn Curfman,33.0,33.4,13.1,4.3,12.3,34.9,2.7,8.3,32.8,1.8,2.1,86.8,45.9349593495935,2.3,2.6,0.9,0.0,1.1818181818181817
William Kyle,35.0,27.7,13.1,5.6,8.9,62.3,0.0,0.0,0.0,2.0,3.4,58.0,62.92134831460674,6.6,1.7,0.3,1.6,1.2142857142857144
Cobe Williams,31.0,31.4,13.1,4.2,10.7,39.5,1.8,5.5,33.3,2.8,3.7,75.7,47.66355140186917,3.4,3.6,2.1,0.2,1.2413793103448276
Donovan Gregory,33.0,28.6,13.1,4.6,9.5,47.9,0.4,0.9,45.2,3.5,4.5,78.9,50.526315789473685,4.4,3.1,1.1,0.7,1.823529411764706
Joel Scott,36.0,28.3,13.1,4.7,8.3,56.9,0.3,1.3,25.0,3.4,5.0,67.2,58.43373493975904,6.1,1.4,0.8,0.9,1.5555555555555554
Wooga Poplar,29.0,31.2,13.1,4.6,10.8,42.6,2.1,5.6,38.5,1.8,2.0,86.4,52.3148148148148,4.8,2.1,0.8,0.3,1.105263157894737
Jordan Jones,31.0,29.4,13.1,4.6,10.5,44.0,1.2,3.4,34.0,2.7,3.6,74.8,49.52380952380951,3.5,3.6,1.8,0.2,1.6363636363636362
DJ Burns,32.0,28.8,13.1,4.7,9.0,51.7,1.0,3.0,32.3,2.8,3.3,84.0,57.777777777777786,11.0,2.5,1.0,0.7,1.6666666666666667
Terrence Hargrove Jr.,33.0,30.2,13.1,4.4,8.4,51.8,1.4,3.5,40.9,2.9,3.7,79.3,60.71428571428572,5.5,0.7,0.6,0.6,0.5
Terry Anderson,33.0,28.3,13.1,4.4,8.9,49.5,0.9,2.9,30.2,3.3,4.5,74.3,54.49438202247191,6.5,2.7,1.2,0.7,1.35
Alijah Martin,34.0,30.6,13.1,4.5,10.9,41.4,2.1,6.1,33.8,1.9,2.6,75.0,50.917431192660544,5.9,1.6,1.6,0.3,1.142857142857143
Brandon Walker,35.0,19.6,13.1,5.3,9.5,56.3,0.4,1.2,31.0,2.0,3.5,57.9,57.89473684210527,4.0,1.1,0.5,0.2,0.6111111111111112
Jack Gohlke,36.0,31.5,13.1,3.9,10.3,37.9,3.8,10.1,37.6,1.4,1.8,78.5,56.310679611650485,4.1,1.1,0.7,0.1,1.8333333333333335
Noah Thomasson,37.0,28.4,13.1,4.8,11.7,40.9,2.2,6.3,34.5,1.3,2.2,59.8,50.42735042735044,2.8,1.6,0.7,0.1,2.0
Quinton Morton-Robertson,36.0,29.4,13.0,4.1,9.7,42.0,2.9,7.2,40.4,1.9,2.3,86.4,57.216494845360835,2.8,2.3,1.3,0.0,2.0909090909090904
Kasean Pryor,32.0,26.3,13.0,4.1,9.1,44.7,1.2,3.3,35.2,3.7,4.6,81.5,51.64835164835164,7.9,1.8,1.2,0.7,1.0588235294117647
Brandon Angel,30.0,31.4,13.0,4.5,8.0,56.7,1.1,2.5,44.7,2.8,3.4,81.6,63.125,4.7,1.7,0.6,0.3,1.0
Rafael Pinzon,33.0,27.2,13.0,5.0,12.1,41.1,1.7,4.8,35.4,1.4,1.8,76.3,48.34710743801653,3.1,1.7,0.8,0.3,1.0625
Donovan Clingan,35.0,22.6,13.0,5.3,8.3,63.9,0.1,0.2,25.0,2.3,4.0,58.3,64.4578313253012,7.4,1.5,0.5,2.5,1.875
Kintavious Dozier,36.0,26.4,13.0,4.5,10.0,44.6,1.0,3.2,32.2,3.0,4.0,76.2,50.0,3.0,1.0,1.0,0.2,0.625
Devon Barnes,35.0,27.7,13.0,3.9,9.0,43.2,1.6,4.0,39.7,3.6,4.2,85.7,52.22222222222223,2.0,2.2,1.3,0.1,2.0
Amarri Tice,34.0,27.6,12.9,4.4,9.2,47.3,1.1,3.3,35.1,3.1,3.9,78.4,53.80434782608696,6.9,0.9,1.8,1.0,0.5
Jamal Shead,37.0,31.1,12.9,4.8,11.7,40.9,1.2,3.8,30.9,2.2,2.8,77.9,46.15384615384615,3.7,6.3,2.2,0.5,3.15
Oumar Ballo,36.0,25.9,12.9,5.1,7.8,65.8,0.0,0.0,0.0,2.6,5.3,49.5,65.38461538461539,10.1,0.8,0.9,1.3,0.5714285714285715
Dan Skillings Jr.,36.0,27.9,12.9,4.8,11.4,42.1,1.1,3.9,28.4,2.2,3.3,66.9,46.92982456140351,6.4,1.6,0.9,0.7,0.9411764705882354
Lue Williams,35.0,33.5,12.9,4.7,10.5,45.4,1.1,3.4,31.1,2.4,3.1,76.1,50.0,4.4,1.3,1.3,0.3,0.9285714285714287
DaJuan Gordon,33.0,30.7,12.9,4.3,9.4,45.8,1.2,3.7,31.4,3.2,4.2,75.4,52.127659574468076,8.2,2.5,1.8,0.3,0.8333333333333334
Brandon Huntley-Hatfield,32.0,30.8,12.9,4.9,8.7,56.7,0.3,0.7,42.9,2.8,4.2,67.2,58.045977011494266,8.4,1.0,0.6,0.8,0.5882352941176471
Josiah Davis,31.0,30.5,12.9,5.1,10.1,50.3,0.3,1.2,25.0,2.5,4.0,62.1,51.98019801980198,4.6,2.3,0.7,0.1,0.9583333333333333
DJ Burns Jr.,41.0,24.8,12.9,5.6,10.6,53.1,0.0,0.1,20.0,1.6,2.4,68.0,52.83018867924528,4.0,2.9,0.4,0.6,1.5263157894736843
Latrell Jossell,30.0,27.5,12.9,3.9,9.5,40.6,1.7,4.6,37.4,3.4,4.1,83.1,50.0,2.0,2.3,1.6,0.2,1.0
Jordan Mason,29.0,31.0,12.9,4.6,12.0,38.5,0.6,2.1,29.5,3.0,3.8,79.3,40.83333333333333,3.6,2.8,1.3,0.3,1.1666666666666667
Jaemyn Brakefield,32.0,29.2,12.9,4.2,8.8,47.7,1.2,3.3,36.2,3.3,4.3,76.5,54.54545454545454,4.9,2.4,0.8,0.5,1.4999999999999998
Andrew Morgan,32.0,23.3,12.9,4.6,8.3,55.6,0.4,1.0,36.4,3.3,4.6,70.3,57.831325301204814,5.0,1.0,0.3,0.3,0.5
Dylan Andrews,32.0,35.2,12.9,4.8,12.1,39.5,1.5,4.5,32.4,1.8,2.3,80.8,45.86776859504132,2.2,3.7,0.8,0.1,1.9473684210526319
Chase Hunter,36.0,32.8,12.9,4.4,10.5,42.4,1.3,4.2,31.1,2.7,3.1,85.0,48.0952380952381,2.6,3.2,0.7,0.3,1.777777777777778
Grant Huffman,32.0,34.0,12.8,4.9,10.8,45.3,0.6,2.1,26.9,2.5,3.5,72.3,48.148148148148145,5.1,5.3,1.4,0.3,2.5238095238095237
Zach Anderson,32.0,31.8,12.8,4.7,9.8,48.2,1.6,3.5,45.9,1.8,2.6,69.0,56.12244897959183,5.1,1.9,0.7,0.5,1.0555555555555556
Jackson Shelstad,32.0,32.6,12.8,4.9,10.9,45.0,1.5,4.4,34.5,1.5,1.8,85.7,51.8348623853211,2.8,2.8,0.7,0.2,1.7499999999999998
Rahsool Diggins,31.0,30.7,12.8,4.4,10.8,40.2,2.4,6.6,36.8,1.7,2.3,75.7,51.85185185185185,2.4,2.2,1.1,0.3,1.4666666666666668
Reyne Smith,35.0,25.9,12.8,3.8,9.3,41.0,3.2,8.1,39.4,2.0,2.4,85.5,58.06451612903226,2.1,1.7,0.5,0.1,2.428571428571429
Anthony Pritchard,29.0,33.0,12.8,5.0,11.0,45.1,0.5,2.0,26.3,2.4,3.2,74.2,47.72727272727273,5.1,4.7,1.7,0.1,1.620689655172414
Josh Banks,34.0,28.7,12.8,3.9,9.2,41.9,2.0,5.1,39.5,3.1,3.6,85.5,53.2608695652174,3.4,1.1,0.7,0.3,0.8461538461538461
Dontrez Styles,32.0,33.5,12.8,4.3,10.1,43.0,1.5,4.2,36.8,2.6,3.3,77.6,50.0,5.8,0.8,0.6,0.7,0.5333333333333333
Igor Milicic Jr.,31.0,32.2,12.8,4.2,8.6,48.7,1.8,4.8,37.6,2.6,3.2,81.8,59.30232558139535,8.5,1.7,0.7,1.1,0.85
Gabe McGlothan,34.0,33.0,12.8,4.2,8.8,47.7,1.4,3.6,39.8,3.0,3.9,76.7,55.68181818181818,7.3,1.1,1.3,0.9,0.6875
TreVon Spillers,34.0,29.0,12.8,5.5,9.1,60.4,0.0,0.0,0.0,1.9,2.7,68.5,60.439560439560445,8.9,0.4,0.7,1.3,0.5
Donovan Clay,33.0,33.0,12.8,4.6,10.5,44.2,0.8,2.6,32.6,2.7,3.9,68.8,47.61904761904761,5.9,2.4,0.7,0.9,1.2
Taryn Todd,37.0,25.8,12.8,4.9,11.6,42.0,1.3,3.9,33.8,1.7,2.4,71.9,47.844827586206904,3.4,2.4,1.0,0.5,1.263157894736842
Mika Adams-Woods,32.0,32.0,12.8,4.4,9.7,46.0,1.5,3.5,43.2,2.4,2.9,83.7,53.09278350515465,2.5,3.7,1.0,0.2,2.3125
Isaiah Adams,26.0,32.8,12.8,5.0,12.6,39.9,1.3,5.7,22.8,1.4,2.0,70.6,44.84126984126984,4.0,3.7,1.0,0.4,1.15625
Collin Holloway,30.0,29.2,12.8,4.2,8.4,50.4,0.7,2.0,33.9,3.6,4.8,75.2,54.166666666666664,4.3,1.4,0.6,0.9,1.0
Sai Witt,34.0,21.4,12.8,4.4,8.2,53.6,0.0,0.0,0.0,3.9,6.3,62.3,53.658536585365866,5.6,0.7,0.6,0.4,0.4117647058823529
Christian Brown,28.0,25.2,12.8,3.9,8.9,44.4,1.6,4.4,36.3,3.3,4.1,80.7,52.80898876404494,3.4,0.7,1.1,0.3,0.43749999999999994
Pelle Larsson,36.0,30.0,12.8,4.5,8.7,51.9,1.3,3.0,42.6,2.4,3.2,75.0,59.19540229885059,4.1,3.7,0.9,0.2,1.9473684210526319
Tae Williams,36.0,28.7,12.8,5.5,11.2,49.0,0.2,0.8,23.3,1.6,3.5,44.1,50.0,6.0,1.9,1.3,0.3,0.95
Keylan Boone,27.0,31.3,12.7,4.5,10.7,41.9,2.0,5.8,35.0,1.7,2.4,73.4,51.40186915887851,6.8,1.4,0.8,1.1,1.2727272727272725
O'Mar Stanley,33.0,26.4,12.7,4.6,8.6,53.7,0.5,1.5,31.3,3.1,4.0,75.9,56.395348837209305,6.6,1.5,0.7,1.2,0.8333333333333333
Matt Allocco,29.0,33.6,12.7,4.3,8.6,50.8,1.6,3.8,42.7,2.4,2.7,90.9,59.302325581395344,2.9,3.3,0.7,0.1,2.5384615384615383
Abdoulaye Thiam,36.0,27.6,12.7,4.3,9.9,43.3,1.7,4.6,36.1,2.4,2.9,83.0,52.020202020202014,3.4,0.9,0.6,0.0,0.6
Julien Soumaoro,31.0,28.7,12.7,4.2,10.3,40.3,2.0,5.7,35.8,2.4,3.3,70.9,50.48543689320388,2.3,2.6,1.1,0.0,1.2380952380952381
Tyrell Jones,32.0,31.7,12.7,3.7,9.1,40.3,1.4,4.2,34.3,3.9,5.1,77.8,48.35164835164836,3.8,2.0,1.5,0.1,0.9523809523809523
Ryan Langborg,32.0,33.3,12.7,4.5,10.2,44.0,2.3,5.3,42.1,1.5,1.9,77.4,55.392156862745104,3.0,2.5,1.3,0.2,2.7777777777777777
Reed Bailey,32.0,28.3,12.7,4.0,9.5,42.4,0.4,1.9,21.7,4.2,5.3,80.4,44.21052631578948,5.8,1.4,0.7,0.3,0.8749999999999999
John Christofilis,28.0,29.5,12.7,4.6,11.1,41.7,2.3,5.8,39.8,1.1,1.5,73.8,51.80180180180181,2.3,0.5,0.5,0.0,0.4166666666666667
Malik Hall,35.0,28.6,12.7,4.7,9.0,52.5,0.6,1.7,32.8,2.6,3.6,72.8,55.55555555555556,5.7,1.9,0.5,0.3,1.3571428571428572
Xzayvier Brown,35.0,30.9,12.7,4.3,9.3,46.0,2.0,4.9,40.4,2.1,2.7,79.6,56.98924731182795,4.0,3.3,1.8,0.1,1.736842105263158
Caleb Robinson,32.0,24.3,12.7,4.5,10.5,43.3,0.4,1.5,25.0,3.2,5.5,58.2,44.761904761904766,6.6,1.3,0.9,0.6,0.8125
Tyran Cook,32.0,28.5,12.7,5.0,12.1,41.0,1.1,3.3,34.0,1.6,2.3,68.0,45.86776859504132,2.8,2.4,0.6,0.1,0.96
Eric Acker,26.0,33.4,12.7,4.9,12.6,38.7,1.1,3.8,28.3,1.8,2.7,66.2,43.25396825396825,3.7,3.8,0.6,0.1,1.1515151515151516
Russell Jones Jr.,31.0,31.3,12.6,4.5,10.1,44.1,2.6,6.3,41.2,1.2,1.5,76.6,57.42574257425742,2.2,1.4,1.0,0.0,2.0
Brandon Davis,32.0,29.9,12.6,3.9,9.6,41.0,2.2,5.8,37.3,2.6,3.4,76.9,52.083333333333336,3.3,2.1,1.1,0.1,1.4000000000000001
Justin Hohn,34.0,27.2,12.6,4.6,10.1,44.9,1.8,4.8,37.7,1.7,2.5,67.4,54.45544554455446,2.9,1.5,0.9,0.0,1.0714285714285714
Davion Bailey,26.0,32.8,12.6,4.5,10.2,44.0,2.5,5.9,42.5,1.1,1.3,82.9,56.372549019607845,3.7,1.5,1.0,0.1,1.5
Demond Robinson,31.0,27.4,12.6,5.2,9.8,52.5,0.9,2.9,32.6,1.4,2.2,62.7,57.6530612244898,7.4,0.9,1.1,0.9,0.75
Kellen Tynes,31.0,34.8,12.6,4.7,11.5,41.4,0.5,2.3,23.9,2.6,3.8,68.4,43.04347826086957,3.6,3.6,2.3,0.4,1.565217391304348
Blake Lampman,28.0,34.5,12.6,4.0,10.6,37.8,3.1,8.5,36.3,1.5,1.7,91.5,52.358490566037744,3.2,3.0,1.1,0.7,1.875
Chris Payton Jr.,28.0,27.0,12.6,4.4,9.0,49.0,0.3,0.8,38.1,3.5,5.2,67.8,50.555555555555564,7.4,1.5,0.9,1.1,0.7894736842105263
Desmond Watson,33.0,31.4,12.6,4.3,10.6,40.7,1.8,4.6,38.6,2.2,3.3,64.5,49.05660377358491,4.6,2.5,1.0,0.2,1.3888888888888888
Ryan Nembhard,35.0,35.8,12.6,4.7,10.6,44.5,1.0,3.1,32.1,2.2,2.9,75.2,49.05660377358491,4.0,6.9,1.2,0.0,3.0000000000000004
Ginika Ojiako,30.0,27.4,12.6,5.3,8.4,63.7,0.0,0.0,0.0,1.9,3.3,59.2,63.095238095238095,10.6,0.9,0.8,1.0,0.5625
Emanuel Sharp,37.0,28.3,12.6,3.6,9.8,37.3,2.2,6.0,36.8,3.1,3.6,85.1,47.95918367346938,3.5,0.9,1.5,0.1,0.8181818181818181
Casey Jones,32.0,26.6,12.6,3.5,7.0,50.7,0.7,1.9,34.4,4.9,6.8,71.2,55.00000000000001,4.4,1.8,1.0,0.5,0.8181818181818181
Brett Thompson,32.0,31.1,12.6,4.2,9.9,42.0,1.5,4.7,32.0,2.8,3.5,80.2,50.0,2.8,4.1,1.1,0.1,2.05
K.J. Adams Jr.,34.0,33.4,12.6,5.2,8.7,60.1,0.0,0.1,0.0,2.1,3.5,60.0,59.77011494252874,4.6,3.1,1.1,0.6,1.7222222222222223
Barrington Hargress,34.0,31.6,12.6,4.8,11.6,41.1,0.9,3.0,31.1,2.1,3.1,67.3,45.258620689655174,3.1,4.5,1.3,0.1,3.2142857142857144
Max Brooks,31.0,26.5,12.6,5.2,8.4,62.1,0.0,0.1,0.0,2.1,3.3,65.3,61.904761904761905,7.3,1.6,0.8,2.1,0.9411764705882354
Mike James,32.0,33.3,12.6,3.8,9.5,39.6,1.1,3.3,34.0,3.9,4.8,81.8,45.78947368421053,5.0,1.5,0.6,0.2,0.8333333333333333
Quincy Anderson,32.0,27.0,12.6,4.4,9.6,45.9,1.8,4.6,39.5,1.9,2.7,72.9,55.20833333333335,4.4,1.1,1.0,0.2,1.0
Jaylen Wells,34.0,29.2,12.6,4.1,9.4,43.6,2.1,4.9,41.7,2.3,2.9,81.4,54.78723404255318,4.6,1.2,0.5,0.2,1.7142857142857144
Philip Alston,29.0,24.3,12.6,4.5,9.9,45.1,0.6,2.3,25.0,3.0,4.7,63.5,48.48484848484848,4.6,0.8,0.6,0.7,0.4
Jordan O'Neal,30.0,29.2,12.5,5.1,8.4,60.6,0.2,0.6,36.8,2.2,3.3,65.7,61.9047619047619,6.0,1.1,0.6,1.4,0.7333333333333334
Isiah Gaiter,32.0,30.6,12.5,4.6,9.9,45.9,0.9,2.5,37.5,2.5,3.1,80.6,51.010101010101,3.3,1.8,1.0,0.2,1.0
Erik Pratt,34.0,27.4,12.5,4.4,10.8,41.0,2.1,5.7,36.1,1.6,2.1,80.0,50.46296296296296,3.3,2.2,0.5,0.3,1.6923076923076923
JaCobi Wood,32.0,36.3,12.5,4.2,9.3,45.0,1.6,4.3,37.4,2.5,3.0,82.5,53.76344086021505,4.0,4.1,1.2,0.1,2.05
Max Zegarowski,30.0,34.7,12.5,4.3,10.4,41.8,2.0,5.7,34.5,1.9,2.4,77.8,50.96153846153846,4.8,1.8,0.4,0.3,1.3846153846153846
Neal Quinn,33.0,27.6,12.5,5.4,10.2,53.0,0.2,0.4,35.7,1.5,2.1,72.9,53.92156862745099,5.4,3.9,0.5,1.3,2.2941176470588234
Chris Manon,29.0,22.2,12.5,4.9,8.6,56.4,0.8,2.3,33.8,2.0,2.8,71.2,61.62790697674419,4.0,3.0,2.2,0.6,1.4285714285714286
Vukasin Masic,32.0,32.5,12.5,4.5,9.5,46.9,1.6,4.0,40.3,1.9,2.5,76.2,55.78947368421052,4.2,2.9,0.7,0.0,1.45
Quinn Denker,32.0,33.0,12.5,4.5,11.4,39.3,1.5,4.4,34.0,2.0,2.4,84.4,46.05263157894737,3.3,3.7,0.6,0.1,1.7619047619047619
Josiah Hammons,30.0,29.4,12.5,3.6,9.7,37.2,2.7,7.6,35.5,2.6,3.1,82.8,51.03092783505156,3.3,1.2,0.8,0.2,0.8571428571428572
Braeden Smith,35.0,30.3,12.5,4.2,10.8,39.3,1.5,4.8,31.1,2.5,3.2,78.6,45.83333333333333,5.5,5.6,1.9,0.1,2.4347826086956523
Reed Sheppard,33.0,28.9,12.5,4.3,8.0,53.6,2.3,4.4,52.1,1.6,2.0,83.1,68.12499999999999,4.1,4.5,2.5,0.7,2.25
Chase LoweW&,33.0,26.8,12.5,4.4,8.4,52.5,0.0,0.0,100.0,3.6,5.5,66.3,52.38095238095239,7.3,3.2,1.0,0.2,1.6
Terrance Williams,31.0,33.3,12.4,4.0,9.3,43.3,1.7,4.2,39.7,2.7,3.5,76.1,52.150537634408586,4.5,1.5,0.6,0.4,1.3636363636363635
Noa Gonsalves,31.0,35.5,12.4,4.4,9.7,45.3,2.1,5.5,38.4,1.5,1.9,78.3,56.18556701030929,3.0,1.5,1.1,0.1,0.8823529411764706
Maximus Edwards,31.0,28.0,12.4,4.5,10.6,42.7,1.7,4.8,35.8,1.7,1.9,86.7,50.471698113207545,6.6,1.2,0.7,0.4,0.5454545454545454
Justin Moore,31.0,28.6,12.4,4.5,11.6,38.6,1.1,3.4,31.1,2.4,3.2,75.5,43.53448275862069,3.6,3.5,1.1,0.2,1.5217391304347827
Jaylin Williams,34.0,24.1,12.4,4.5,7.8,57.4,1.0,2.5,39.5,2.5,3.0,83.2,64.1025641025641,4.4,1.9,0.7,0.7,1.727272727272727
Justin McKoy,34.0,30.9,12.4,4.1,8.6,47.4,1.4,3.9,36.8,2.8,3.2,87.2,55.81395348837209,6.1,1.6,0.6,0.5,0.8421052631578948
Dayvion McKnight,34.0,34.3,12.4,4.6,9.8,46.7,0.9,2.5,37.2,2.3,2.8,81.3,51.53061224489795,3.7,4.8,1.5,0.1,2.9999999999999996
K.J. Doucet,32.0,23.9,12.4,4.0,9.1,44.3,1.6,4.5,35.4,2.8,3.8,71.5,52.74725274725275,4.3,1.4,0.6,0.3,0.7
Elias King,33.0,32.4,12.4,4.4,10.9,40.1,2.0,6.1,32.7,1.7,2.4,69.6,49.54128440366973,4.5,0.9,0.7,0.6,0.5294117647058824
Malik Thomas,33.0,23.1,12.4,4.2,8.8,47.4,1.5,3.6,40.0,2.6,3.1,86.1,56.25,2.7,0.5,0.8,0.0,0.5555555555555556
Carson Basham,33.0,24.6,12.4,5.1,8.7,58.7,0.0,0.2,0.0,2.2,3.9,57.0,58.62068965517242,6.7,1.2,0.7,1.6,0.6
Adem Bona,33.0,26.5,12.4,4.6,7.9,58.8,0.0,0.0,0.0,3.1,4.5,69.6,58.22784810126581,5.9,1.2,1.1,1.8,0.48
Tamin Lipsey,36.0,31.3,12.4,4.3,10.0,42.8,1.3,3.2,39.1,2.6,3.7,70.5,49.5,4.6,4.9,2.7,0.1,2.3333333333333335
Kareem Thompson,31.0,38.1,12.4,4.5,11.5,39.0,2.1,5.7,36.9,1.3,2.1,62.1,48.26086956521739,6.9,3.6,1.5,0.4,1.565217391304348
Baye Ndongo,29.0,27.8,12.4,5.1,9.1,55.8,0.1,0.4,33.3,2.0,3.0,67.0,56.59340659340659,8.2,1.0,0.8,1.1,0.3846153846153846
Myles Foster,32.0,28.3,12.4,4.8,9.2,52.5,0.0,0.4,7.7,2.7,4.2,63.4,52.17391304347826,8.1,1.7,0.7,0.8,1.0625
E.J. Bellinger,33.0,25.6,12.4,4.4,9.4,47.2,1.5,3.9,37.5,2.1,2.6,80.0,54.78723404255319,5.0,1.2,0.6,0.4,0.7999999999999999
JT Toppin,36.0,26.6,12.4,5.4,8.6,62.3,0.3,0.9,34.4,1.3,2.4,56.5,64.53488372093025,9.1,0.6,1.1,1.9,0.6666666666666666
Augustas Marciulionis,34.0,33.1,12.4,4.4,9.9,43.8,1.1,3.2,34.3,2.6,3.4,76.3,50.0,3.3,5.3,1.4,0.2,2.65
Rienk Mast,32.0,29.8,12.3,4.6,10.7,43.3,1.3,3.8,34.4,1.8,2.1,83.8,49.06542056074767,7.5,3.0,0.4,0.5,1.6666666666666665
Noah Williamson,32.0,27.2,12.3,4.6,9.2,49.5,0.8,2.3,32.9,2.5,3.8,64.2,54.34782608695653,6.4,1.2,0.3,1.0,0.6
Darius Brown,35.0,36.0,12.3,4.3,9.7,44.6,1.8,4.6,39.8,1.8,2.1,86.5,53.60824742268042,4.3,6.5,1.5,0.2,3.4210526315789473
Justice Williams,31.0,30.2,12.3,4.4,12.0,36.8,1.6,5.1,31.4,1.9,2.3,82.9,43.333333333333336,3.0,2.5,0.8,0.3,1.0416666666666667
Nika Metskhvarishvili,28.0,28.5,12.3,4.6,10.9,42.5,0.9,3.6,25.7,2.1,3.1,67.8,46.330275229357795,5.8,2.0,1.0,0.6,0.8
Ishmael Leggett,32.0,28.6,12.3,4.4,10.3,42.7,1.1,3.2,34.3,2.5,2.9,85.9,48.05825242718447,5.5,1.9,1.3,0.2,1.4615384615384615
Tre White,29.0,31.2,12.3,4.4,9.8,45.6,0.8,2.7,29.9,2.6,3.5,75.2,48.9795918367347,5.9,1.3,0.8,0.4,0.7222222222222222
Ven-Allen Lubin,26.0,28.2,12.3,4.5,9.1,50.0,0.5,1.5,33.3,2.7,3.7,73.2,52.197802197802204,6.3,0.5,0.6,1.0,0.4166666666666667
Marquel Sutton,33.0,31.8,12.3,4.9,10.1,48.5,0.4,1.5,28.6,2.1,3.4,62.5,50.49504950495051,6.3,0.8,0.9,0.3,0.4444444444444445
Camian Shell,31.0,34.0,12.3,3.8,10.1,37.9,1.1,3.5,30.8,3.5,4.1,86.6,43.06930693069307,2.8,4.1,1.3,0.1,2.2777777777777777
Alex Sobel,31.0,26.0,12.3,4.8,8.2,58.8,0.0,0.0,0.0,2.6,3.9,67.5,58.53658536585367,7.4,1.7,1.2,2.8,1.3076923076923077
Eric Gaines,35.0,33.7,12.3,4.1,10.4,39.3,1.1,4.1,26.9,3.0,4.0,75.0,44.71153846153845,3.9,5.5,2.3,0.5,2.291666666666667
Quinn Slazinski,32.0,28.8,12.3,3.9,9.8,39.8,1.4,4.2,34.3,3.0,3.8,80.2,46.938775510204074,4.1,2.2,0.4,0.2,1.1578947368421053
Bostyn Holt,32.0,31.3,12.3,4.5,9.9,45.0,0.6,1.4,39.1,2.8,4.1,67.9,48.48484848484848,4.5,3.1,0.5,0.2,1.4761904761904763
Isaac McKneely,33.0,32.3,12.3,4.2,10.2,40.9,2.5,5.5,44.5,1.5,1.8,84.7,53.43137254901962,3.0,1.6,0.6,0.2,1.6
Kalil Thomas,34.0,31.9,12.3,4.1,9.1,44.4,3.1,7.2,42.9,1.1,1.2,85.7,62.08791208791209,4.3,1.4,0.7,0.1,1.4
Darius Beane,31.0,31.8,12.3,4.7,10.9,43.6,0.1,0.4,30.8,2.6,3.6,73.2,43.57798165137615,3.4,2.4,1.2,0.1,1.1428571428571428
Alex Huibregtse,32.0,33.1,12.3,4.7,8.9,52.5,1.9,4.5,41.7,1.1,1.3,82.9,63.48314606741573,3.8,3.3,0.8,0.2,2.1999999999999997
Mackenzie Mgbako,33.0,27.0,12.2,4.0,10.1,39.5,1.5,4.6,32.7,2.8,3.4,82.1,47.02970297029703,4.1,1.3,0.4,0.4,1.0833333333333335
Mickey Pearson Jr.,29.0,34.7,12.2,3.7,8.6,43.0,1.4,4.0,35.9,3.4,4.0,85.3,51.162790697674424,5.1,0.8,0.6,0.3,0.7272727272727273
Joe Toussaint,34.0,33.4,12.2,3.8,9.4,40.0,1.0,3.4,29.6,3.7,4.3,86.3,45.744680851063826,2.6,4.3,1.4,0.0,1.9545454545454544
Tommie Lewis,30.0,29.5,12.2,4.0,9.7,41.1,2.0,5.9,34.5,2.2,3.0,73.3,51.54639175257733,4.2,2.3,1.7,0.6,1.2777777777777777
Caleb Fields,35.0,32.3,12.2,3.9,9.2,43.0,0.9,2.7,32.3,3.5,5.4,64.2,47.28260869565217,3.0,5.8,0.8,0.0,2.5217391304347827
Jabri Abdur-Rahim,29.0,26.0,12.2,3.0,8.3,36.1,2.1,6.0,35.6,4.1,4.6,88.7,48.795180722891565,3.5,0.3,0.8,0.3,0.3
Nick Davidson,34.0,28.9,12.2,4.4,8.1,54.5,0.8,2.6,29.2,2.6,3.4,75.7,59.25925925925927,7.3,1.4,0.7,0.7,1.0769230769230769
Amari Kelly,31.0,28.5,12.2,4.5,8.2,54.9,0.8,1.9,42.4,2.4,3.1,76.0,59.75609756097562,6.3,1.1,0.5,1.3,0.47826086956521746
Harrison Ingram,37.0,32.8,12.2,4.4,10.2,43.0,1.8,4.6,38.5,1.6,2.6,61.2,51.960784313725505,8.8,2.2,1.4,0.4,1.5714285714285716
Javan Simmons,32.0,31.0,12.2,4.7,8.6,54.0,0.3,0.8,32.0,2.6,3.6,73.7,56.39534883720931,5.0,1.5,0.5,0.9,1.3636363636363635
Jalen Bridges,35.0,31.8,12.2,4.1,8.8,46.6,2.1,5.1,41.2,1.9,2.3,82.3,58.52272727272726,5.7,1.4,1.1,0.6,1.4
Nique Clifford,36.0,30.3,12.2,4.6,8.9,52.2,1.1,3.0,37.6,1.8,2.3,75.9,57.865168539325836,7.6,3.0,1.4,0.9,1.6666666666666665
Keeshawn Kellman,32.0,24.6,12.2,5.0,7.3,68.4,0.0,0.2,0.0,2.2,3.1,69.0,68.4931506849315,7.0,0.9,0.3,1.2,0.45
Amari Williams,32.0,22.9,12.2,4.3,8.4,51.7,0.0,0.1,33.3,3.4,5.3,65.5,51.19047619047619,7.8,1.9,0.8,1.8,0.7916666666666666
Ethan Price,32.0,26.0,12.2,4.2,8.1,52.1,1.3,3.3,37.4,2.5,3.2,78.2,59.87654320987655,4.0,2.2,0.5,0.8,1.0
Max Rice,33.0,31.9,12.2,3.8,10.3,37.2,2.2,6.4,34.9,2.2,2.6,83.9,47.57281553398058,3.7,1.8,0.9,0.0,1.125
Isaiah Moses,33.0,29.8,12.2,4.1,10.3,39.9,1.6,4.8,32.9,2.3,2.8,84.6,47.572815533980574,2.9,3.8,0.9,0.0,1.727272727272727
Christian Shumate,34.0,28.6,12.1,4.9,8.7,56.1,0.3,1.1,23.1,2.1,4.6,46.5,58.045977011494266,9.5,0.9,0.9,1.4,0.6428571428571429
Elijah Stephens,29.0,30.1,12.1,4.4,9.6,46.0,1.1,3.2,33.0,2.2,2.7,82.3,51.5625,2.1,4.9,1.3,0.1,2.130434782608696
Alex Merkviladze,30.0,30.9,12.1,4.1,10.0,41.0,1.7,4.8,35.2,2.2,3.0,74.4,49.49999999999999,7.2,1.5,0.6,0.3,1.0714285714285714
Blondeau Tchoukuiegno,32.0,31.3,12.1,3.9,9.3,42.6,0.8,3.0,27.1,3.4,5.2,65.9,46.23655913978494,2.9,3.0,1.0,0.1,1.4285714285714286
Steven Verplancken,32.0,33.0,12.1,4.2,9.9,42.7,2.2,5.8,38.4,1.5,1.8,82.5,53.535353535353536,2.8,1.3,0.7,0.0,1.625
Airion Simmons,33.0,25.0,12.1,4.3,10.2,41.7,0.6,2.2,28.4,2.9,4.4,66.9,45.09803921568628,6.3,2.2,1.2,0.5,1.1578947368421053
Jadon Jones,34.0,30.4,12.1,3.8,9.1,41.9,2.3,6.0,37.7,2.2,2.6,85.2,54.395604395604394,3.3,1.6,1.8,1.0,1.4545454545454546
KJ Jenkins,31.0,25.7,12.1,4.2,10.3,41.2,2.7,7.4,37.0,0.9,1.1,82.4,53.883495145631066,2.4,0.9,0.9,0.0,1.2857142857142858
Max Mackinnon,32.0,27.0,12.1,4.6,10.3,45.0,1.6,4.4,36.4,1.3,1.8,70.2,52.427184466019405,4.8,2.6,0.8,0.2,1.2380952380952381
Sebastian Mack,33.0,26.8,12.1,3.7,9.6,38.7,0.8,3.0,28.3,3.8,5.2,72.7,42.70833333333334,3.6,1.6,1.3,0.1,1.0
Shemar Wilson,34.0,30.1,12.1,4.0,7.7,51.7,0.1,0.6,22.7,3.9,5.6,70.5,52.5974025974026,7.7,1.3,0.7,1.9,0.7647058823529412
Coleman Hawkins,35.0,31.6,12.1,4.1,9.1,45.1,1.7,4.6,36.9,2.2,2.7,79.2,54.395604395604394,6.1,2.7,1.5,1.1,1.6875
KiAndre Gaddy,35.0,28.1,12.1,4.9,8.8,55.8,0.0,0.1,0.0,2.3,3.5,64.8,55.68181818181818,6.8,1.1,1.0,1.5,0.7333333333333334
Ante Brzovic,35.0,22.6,12.1,4.9,10.4,46.7,0.5,2.2,22.1,1.9,2.9,65.3,49.519230769230774,6.3,2.4,0.4,0.4,1.411764705882353
Duncan Powell,29.0,26.4,12.1,4.5,9.1,49.2,0.5,1.7,28.6,2.6,3.8,68.5,52.197802197802204,7.0,2.0,0.5,0.3,1.1764705882352942
Frank Mitchell,31.0,28.9,12.1,5.2,9.3,56.1,0.1,0.3,33.3,1.6,3.7,43.0,56.4516129032258,11.6,1.5,0.7,0.9,0.75
AJ Clayton,33.0,26.2,12.0,4.2,8.4,49.6,2.2,5.5,40.1,1.5,1.8,81.4,63.0952380952381,4.7,0.8,0.5,1.8,0.8
Ja'Monta Black,35.0,35.8,12.0,3.8,9.4,40.4,3.2,8.2,39.5,1.2,1.6,75.0,57.446808510638306,3.6,0.8,1.1,0.1,1.6
Aboubacar Traore,36.0,30.9,12.0,4.1,8.0,51.7,0.1,0.6,8.7,3.7,5.6,66.5,51.87499999999999,8.4,4.5,1.5,1.4,1.7307692307692306
Chris Bell,32.0,27.1,12.0,4.2,9.7,43.4,2.6,6.3,42.0,1.0,1.2,84.2,56.70103092783506,2.3,0.7,0.6,0.7,0.8749999999999999
Terence Harcum,34.0,28.2,12.0,3.9,10.4,37.5,2.1,6.0,35.6,2.0,2.5,80.2,47.59615384615385,2.5,1.0,0.7,0.1,1.0
Braden Smith,39.0,34.0,12.0,4.4,10.1,44.1,1.4,3.3,43.1,1.7,2.1,79.5,50.49504950495051,5.8,7.5,1.6,0.1,2.7777777777777777
Josh Scovens,32.0,31.0,12.0,4.4,10.9,40.0,1.4,4.3,32.1,1.9,2.8,66.7,46.788990825688074,5.4,1.9,0.7,1.1,1.0555555555555556
TJ Long,35.0,28.4,12.0,4.1,9.6,42.6,2.2,6.1,36.3,1.6,2.0,81.2,54.166666666666664,4.0,1.4,1.0,0.4,1.4
Charlie Easley,34.0,33.2,12.0,4.1,9.1,45.6,2.0,5.0,39.4,1.7,1.9,89.2,56.043956043956044,5.4,2.3,2.1,0.1,1.9166666666666665
DQ Nicholas,33.0,31.0,12.0,4.1,10.2,39.8,1.4,3.9,35.9,2.5,3.8,64.8,47.05882352941176,4.0,2.8,0.8,0.2,1.5555555555555554
Isaiah Hill,32.0,35.9,12.0,4.3,11.2,38.5,1.6,5.1,30.7,1.8,2.2,81.4,45.535714285714285,3.4,6.0,1.3,0.1,2.608695652173913
AJ Braun,32.0,25.7,12.0,5.1,7.4,68.9,0.0,0.0,0.0,1.7,2.9,59.8,68.91891891891892,6.2,0.9,0.3,1.1,0.5294117647058824
Tony Felder,30.0,29.3,12.0,4.0,11.4,35.0,2.2,7.0,31.1,1.8,2.5,73.0,44.73684210526315,3.0,2.8,1.3,0.1,1.4
Tana Kopa,29.0,32.3,12.0,4.2,11.3,37.6,2.1,6.4,33.0,1.4,1.7,83.3,46.46017699115043,3.9,1.1,0.8,0.6,0.6470588235294118
Jordan Riley,33.0,29.0,11.9,4.4,10.2,43.2,0.6,2.4,25.6,2.5,3.5,70.7,46.07843137254902,6.0,1.1,1.1,0.8,0.6470588235294118
Tytan Anderson,33.0,28.4,11.9,3.8,7.7,50.2,0.2,0.8,25.0,4.0,5.8,69.6,50.649350649350644,7.1,2.0,1.3,0.6,1.4285714285714286
Caleb Kenney,33.0,27.1,11.9,5.3,9.2,57.6,0.0,0.0,0.0,1.4,2.4,58.2,57.608695652173914,6.5,1.4,0.8,2.2,0.7777777777777777
Sean Moore,32.0,30.1,11.9,4.3,10.8,40.3,1.5,4.8,31.8,1.7,2.3,73.3,46.75925925925925,7.6,1.6,1.0,0.5,1.0
Raheem Anthony,32.0,29.6,11.9,3.9,8.0,49.0,1.1,2.5,44.3,3.0,4.1,72.0,55.625,4.8,3.3,1.4,0.1,1.3199999999999998
Rob Martin,31.0,28.5,11.9,4.5,10.5,42.3,1.3,3.3,39.2,1.7,2.0,88.5,49.04761904761905,2.2,3.5,0.8,0.0,1.5217391304347827
Brian Myles,30.0,29.5,11.9,4.8,8.5,55.9,0.2,0.7,35.0,2.2,3.0,71.4,57.647058823529406,9.3,1.2,1.4,1.1,0.7058823529411765
Elias Cato,28.0,28.8,11.9,4.3,9.3,46.4,0.8,2.0,41.8,2.5,3.4,71.9,50.53763440860215,6.1,1.0,0.9,0.9,0.5
Noah Freidel,36.0,30.1,11.9,3.8,8.8,43.2,2.3,5.9,38.4,2.1,2.4,85.1,56.249999999999986,5.3,1.7,0.9,0.9,1.8888888888888888
Ben Burnham,35.0,22.2,11.9,4.5,9.7,46.4,1.3,3.6,36.8,1.6,2.3,69.5,53.09278350515465,4.5,0.9,0.9,0.5,0.9
Lassina Traore,35.0,30.3,11.9,4.4,8.4,52.4,0.0,0.1,25.0,3.1,4.4,69.7,52.38095238095239,10.3,1.2,0.8,0.5,0.631578947368421
Rob Perry,32.0,30.3,11.9,4.5,11.3,39.9,1.3,4.6,29.5,1.6,2.1,73.5,45.57522123893805,5.1,2.0,1.0,0.3,1.5384615384615383
Madison Durr,32.0,33.7,11.9,3.9,9.0,42.9,0.5,1.9,27.4,3.6,4.8,75.8,46.111111111111114,4.2,3.3,0.9,0.3,1.4999999999999998
Grant Nelson,37.0,25.6,11.9,3.9,8.0,48.8,0.8,3.0,27.3,3.3,4.1,81.3,53.75,5.9,1.5,0.6,1.6,1.0714285714285714
Zee Hamoda,34.0,29.1,11.9,4.0,10.2,39.6,1.9,5.6,34.0,1.9,2.4,78.3,48.529411764705884,4.0,1.7,1.2,0.3,0.6538461538461539
Jan Zidek,33.0,21.5,11.9,3.9,8.0,48.3,1.4,4.1,34.6,2.7,3.3,82.4,57.49999999999999,3.4,1.2,0.3,0.1,1.0909090909090908
Hosana Kitenge,33.0,26.3,11.9,4.7,8.4,56.2,0.0,0.1,33.3,2.5,3.9,63.3,55.952380952380956,6.5,1.9,1.2,0.9,1.1874999999999998
Moses Wood,32.0,32.6,11.9,3.8,9.1,42.1,2.5,6.3,39.6,1.7,1.9,87.1,55.494505494505496,4.5,0.8,0.6,0.6,0.888888888888889
Darweshi HunterM-,32.0,30.1,11.9,3.9,9.9,39.9,2.0,5.6,35.6,2.0,2.4,83.1,49.494949494949495,4.3,1.6,0.8,0.1,1.6
Drake Allen,30.0,29.0,11.9,4.5,10.1,44.4,0.5,2.3,23.2,2.4,3.8,63.2,47.02970297029703,3.4,4.3,1.5,0.4,2.15
Samuel Tabe,29.0,22.5,11.9,4.5,8.4,53.1,0.0,0.1,0.0,2.9,3.8,76.4,53.57142857142857,3.9,1.1,0.7,0.0,0.6111111111111112
Tra'Michael Moton,36.0,29.4,11.9,4.0,9.9,40.1,1.3,3.4,37.1,2.6,3.3,80.5,46.96969696969697,2.9,2.7,1.7,0.1,1.2272727272727273
Zach Cleveland,32.0,28.7,11.8,4.7,7.9,59.3,0.0,0.3,12.5,2.4,4.5,54.2,59.49367088607595,6.3,4.0,0.9,1.2,1.4285714285714286
Dwon Odom,31.0,28.9,11.8,4.5,8.7,51.9,0.2,0.5,42.9,2.6,3.2,81.0,52.87356321839081,5.0,4.6,0.7,0.5,2.705882352941176
Kellen Amos,31.0,31.3,11.8,4.0,10.4,38.7,1.5,5.4,27.5,2.3,3.1,74.7,45.67307692307692,5.2,2.3,1.1,1.1,1.2105263157894737
Justin Bailey,30.0,28.7,11.8,3.8,9.1,41.5,1.4,4.4,31.3,2.9,3.9,74.6,49.45054945054945,3.3,1.1,1.4,0.1,0.8461538461538461
Seydou Traore,28.0,32.4,11.8,4.7,10.9,43.3,0.8,3.2,25.6,1.6,2.0,80.0,46.788990825688074,8.2,2.3,1.5,1.3,1.2777777777777777
Freddy Hicks,28.0,25.5,11.8,3.8,9.1,41.8,0.6,2.4,25.4,3.5,4.8,73.3,45.05494505494505,5.4,2.1,0.8,0.6,1.05
Tayton Conerway,32.0,20.0,11.8,3.9,8.2,47.5,0.8,2.6,32.9,3.1,4.4,70.9,52.4390243902439,2.8,2.5,2.1,0.3,1.0869565217391306
Zakai Zeigler,36.0,31.6,11.8,3.7,9.5,39.3,2.0,5.8,34.4,2.3,3.3,70.6,49.47368421052632,2.8,6.1,1.7,0.1,2.7727272727272725
Simas Lukosius,35.0,30.1,11.8,3.9,9.8,39.2,2.6,6.7,38.5,1.5,1.8,82.5,53.06122448979592,3.1,2.9,0.5,0.2,1.45
Mitchell Saxen,34.0,28.2,11.8,4.6,8.4,54.4,0.0,0.0,0.0,2.6,4.3,61.2,54.76190476190476,7.6,1.5,0.7,1.3,0.9375
Hunter Jack Madden,34.0,32.6,11.8,3.5,8.8,39.3,1.9,4.8,38.9,3.0,3.7,80.8,50.56818181818181,3.0,2.0,1.1,0.0,1.25
Maleek Arington,34.0,37.3,11.8,3.6,8.8,40.3,0.6,2.4,25.9,4.0,5.5,72.9,44.31818181818181,3.4,4.8,2.3,0.1,2.0
Dillon Bailey,32.0,27.2,11.8,3.7,8.6,42.4,2.0,5.6,35.6,2.4,3.4,72.2,54.65116279069768,2.3,1.5,0.5,0.0,1.0
Jaxson Baker,31.0,30.2,11.7,3.9,9.5,41.6,2.1,5.9,35.9,1.7,2.2,80.6,52.10526315789474,6.6,0.7,1.1,0.7,0.8749999999999999
Bernardo da Silva,34.0,26.8,11.7,4.4,7.4,60.4,0.0,0.0,0.0,2.9,5.6,51.3,59.45945945945946,7.0,1.2,0.6,0.8,1.0
Nate Santos,33.0,33.5,11.7,3.9,8.3,47.1,1.5,3.7,41.8,2.4,3.2,75.0,56.024096385542165,6.3,1.5,0.7,0.2,1.0714285714285714
Brock Wisne,33.0,26.7,11.7,4.8,7.8,61.6,0.2,0.7,33.3,1.8,2.5,74.4,62.82051282051282,4.3,1.5,0.7,0.3,1.0
Caleb Stone-Carrawell,32.0,27.7,11.7,4.3,10.8,39.7,1.3,3.9,33.9,1.8,2.6,70.2,45.83333333333333,3.4,1.6,0.3,0.2,1.0
Brandon Rush,32.0,26.5,11.7,4.1,10.5,38.6,2.3,7.2,32.2,1.3,1.5,83.7,50.0,4.1,0.7,1.1,0.3,0.6363636363636362
Lance Jones,39.0,28.6,11.7,3.9,9.6,41.3,2.1,5.7,35.7,1.8,2.4,74.2,51.5625,2.7,1.9,1.3,0.2,1.2666666666666666
Spencer Jones,25.0,29.0,11.7,4.0,9.0,43.8,2.2,5.3,40.9,1.6,2.5,64.5,56.666666666666664,4.1,2.0,1.4,0.8,1.5384615384615383
Trey Robinson,33.0,31.3,11.7,4.3,9.7,43.9,0.6,2.5,22.9,2.5,3.8,67.2,47.42268041237113,7.0,1.9,1.8,0.3,1.0
Luke Appel,35.0,26.2,11.7,4.6,8.8,52.1,0.5,1.2,41.9,1.9,3.1,62.4,55.11363636363635,4.5,1.6,0.3,0.1,0.8
Brendan Wenzel,31.0,35.5,11.6,3.6,9.0,40.5,2.0,5.4,37.7,2.3,2.9,80.9,51.11111111111111,5.1,1.5,0.8,0.2,1.25
